2026-06-05 10:50:15 | DEBUG | P03 | No variables found in .env
2026-06-05 10:50:15 | INFO | P03 | === RUN START ===
2026-06-05 10:50:15 | INFO | P03 | project=P03
2026-06-05 10:50:15 | INFO | P03 | repo_dir=streaming-04-visualization
2026-06-05 10:50:15 | INFO | P03 | python=3.14.3
2026-06-05 10:50:15 | INFO | P03 | os=Windows 11
2026-06-05 10:50:15 | INFO | P03 | shell=powershell
2026-06-05 10:50:15 | INFO | P03 | cwd=.
2026-06-05 10:50:15 | INFO | P03 | github_actions=False
2026-06-05 10:50:15 | INFO | P03 | ========================
2026-06-05 10:50:15 | INFO | P03 | START producer main()
2026-06-05 10:50:15 | INFO | P03 | ========================
2026-06-05 10:50:15 | INFO | P03 | ROOT_DIR = .
2026-06-05 10:50:15 | INFO | P03 | DATA_DIR = data
2026-06-05 10:50:15 | INFO | P03 | SALES_CSV = data\sales.csv
2026-06-05 10:50:15 | INFO | P03 | REGIONS_CSV = data\regions.csv
2026-06-05 10:50:15 | INFO | P03 | PRODUCTS_CSV = data\products.csv
2026-06-05 10:50:15 | INFO | P03 | REJECTED_SALES_CSV = data\output\producer_rejected_sales.csv
2026-06-05 10:50:15 | INFO | P03 | ========================
2026-06-05 10:50:15 | INFO | P03 | SECTION A. Acquire
2026-06-05 10:50:15 | INFO | P03 | ========================
2026-06-05 10:50:15 | INFO | P03 | Loading settings from .env...
2026-06-05 10:50:15 | INFO | P03 | KAFKA_BOOTSTRAP_SERVERS           = localhost:9092
2026-06-05 10:50:15 | INFO | P03 | KAFKA_TOPIC                       = product-sales-case
2026-06-05 10:50:15 | INFO | P03 | PRODUCER_MESSAGE_COUNT            = 6
2026-06-05 10:50:15 | INFO | P03 | PRODUCER_MESSAGE_INTERVAL_SECONDS = 2.0
2026-06-05 10:50:15 | INFO | P03 | KAFKA_CLEAR_TOPIC_ON_START        = False
2026-06-05 10:50:15 | INFO | P03 | Verifying Kafka connection...
2026-06-05 10:50:15 | INFO | P03 | Kafka port is reachable.
2026-06-05 10:50:18 | INFO | P03 | Loading validation reference data...
2026-06-05 10:50:18 | INFO | P03 | Found 6 valid regions, 6 valid products.
2026-06-05 10:50:18 | INFO | P03 | ========================
2026-06-05 10:50:18 | INFO | P03 | SECTION P. Produce Messages
2026-06-05 10:50:18 | INFO | P03 | ========================
2026-06-05 10:50:18 | INFO | P03 | Initializing output...
2026-06-05 10:50:18 | INFO | P03 | Output directory ready: output
2026-06-05 10:50:18 | INFO | P03 | Sending messages...
2026-06-05 10:50:18 | INFO | P03 | Sending up to 6 message(s) to topic 'product-sales-case'.
2026-06-05 10:50:18 | INFO | P03 | Watch each sale arrive. Press CTRL+C to stop early.

2026-06-05 10:50:18 | INFO | P03 | {
  order_id: e7324981-a9f0-419f-b708-d0a333451fff
  datetime: 2026-05-04T08:11:00Z
  region_id: US-TX
  currency_code: USD
  product_id: PY-STREAM-005
  unit_price: 59.99
  quantity: 3
  is_online: true
  customer_id: CUST-4150
  is_new_customer: false
  device_type: tablet
  payment_method: paypal
  referral_source: paid_search
  discount_code: 
  customer_note: Gift for my team
}
2026-06-05 10:50:18 | INFO | P03 |   Sending message with key=US-TX
2026-06-05 10:50:21 | INFO | P03 |   MESSAGE SENT  sent=1
2026-06-05 10:50:23 | INFO | P03 | {
  order_id: d61943e0-f543-4b5f-9c9a-18605ea4cfe5
  datetime: 2026-05-04T08:23:00Z
  region_id: US-TX
  currency_code: USD
  product_id: PY-DATA-002
  unit_price: 49.99
  quantity: 1
  is_online: true
  customer_id: CUST-1106
  is_new_customer: false
  device_type: mobile
  payment_method: paypal
  referral_source: paid_search
  discount_code: 
  customer_note: Gift for my team
}
2026-06-05 10:50:23 | INFO | P03 |   Sending message with key=US-TX
2026-06-05 10:50:23 | INFO | P03 |   MESSAGE SENT  sent=2
2026-06-05 10:50:25 | INFO | P03 | {
  order_id: 14da1915-8e74-47be-9e10-f7275d31af46
  datetime: 2026-05-04T08:28:00Z
  region_id: CA-QC
  currency_code: CAD
  product_id: PY-NLP-006
  unit_price: 54.99
  quantity: 1
  is_online: true
  customer_id: CUST-2133
  is_new_customer: false
  device_type: desktop
  payment_method: paypal
  referral_source: organic
  discount_code: 
  customer_note: Learning at my own pace
}
2026-06-05 10:50:25 | INFO | P03 |   Sending message with key=CA-QC
2026-06-05 10:50:25 | INFO | P03 |   MESSAGE SENT  sent=3
2026-06-05 10:50:27 | INFO | P03 | {
  order_id: d77ed935-9b28-431d-bc25-0a3fd98f4154
  datetime: 2026-05-04T08:40:00Z
  region_id: US-CA
  currency_code: USD
  product_id: PY-STREAM-005
  unit_price: 59.99
  quantity: 1
  is_online: true
  customer_id: CUST-5333
  is_new_customer: false
  device_type: mobile
  payment_method: paypal
  referral_source: organic
  discount_code: 
  customer_note: Highly recommend
}
2026-06-05 10:50:27 | INFO | P03 |   Sending message with key=US-CA
2026-06-05 10:50:27 | INFO | P03 |   MESSAGE SENT  sent=4
2026-06-05 10:50:29 | INFO | P03 | {
  order_id: 24b91995-25f8-4ad7-8fa6-2e4c15750e5e
  datetime: 2026-05-04T08:41:00Z
  region_id: US-MO
  currency_code: USD
  product_id: PY-VIZ-003
  unit_price: 39.99
  quantity: 1
  is_online: true
  customer_id: CUST-8573
  is_new_customer: false
  device_type: mobile
  payment_method: apple_pay
  referral_source: paid_search
  discount_code: 
  customer_note: Learning at my own pace
}
2026-06-05 10:50:29 | INFO | P03 |   Sending message with key=US-MO
2026-06-05 10:50:29 | INFO | P03 |   MESSAGE SENT  sent=5
2026-06-05 10:50:31 | INFO | P03 | {
  order_id: 1ec0fc8b-998c-4f43-8a66-19e1fa7d5fa8
  datetime: 2026-05-04T08:54:00Z
  region_id: CA-ON
  currency_code: CAD
  product_id: PY-SQL-004
  unit_price: 44.99
  quantity: 1
  is_online: true
  customer_id: CUST-8062
  is_new_customer: false
  device_type: tablet
  payment_method: paypal
  referral_source: organic
  discount_code: 
  customer_note: 
}
2026-06-05 10:50:31 | INFO | P03 |   Sending message with key=CA-ON
2026-06-05 10:50:31 | INFO | P03 |   MESSAGE SENT  sent=6
2026-06-05 10:50:33 | INFO | P03 | Checking for rejected records...
2026-06-05 10:50:33 | INFO | P03 |   No records rejected.
2026-06-05 10:50:33 | INFO | P03 | ========================
2026-06-05 10:50:33 | INFO | P03 | SECTION E. Exit
2026-06-05 10:50:33 | INFO | P03 | ========================
2026-06-05 10:50:33 | INFO | P03 | Summary:
2026-06-05 10:50:33 | INFO | P03 | Sent 6 message(s) to topic 'product-sales-case'.
2026-06-05 10:50:33 | INFO | P03 | Rejected 0 message(s).
2026-06-05 10:50:33 | INFO | P03 | ========================
2026-06-05 10:50:33 | INFO | P03 | Producer executed successfully!
2026-06-05 10:50:33 | INFO | P03 | ========================
2026-06-05 10:50:59 | DEBUG | C04 | No variables found in .env
2026-06-05 10:50:59 | DEBUG | P03 | No variables found in .env
2026-06-05 10:53:11 | DEBUG | C04 | No variables found in .env
2026-06-05 10:53:11 | INFO | C04 | === RUN START ===
2026-06-05 10:53:11 | INFO | C04 | project=C04
2026-06-05 10:53:11 | INFO | C04 | repo_dir=streaming-04-visualization
2026-06-05 10:53:11 | INFO | C04 | python=3.14.3
2026-06-05 10:53:11 | INFO | C04 | os=Windows 11
2026-06-05 10:53:11 | INFO | C04 | shell=powershell
2026-06-05 10:53:11 | INFO | C04 | cwd=.
2026-06-05 10:53:11 | INFO | C04 | github_actions=False
2026-06-05 10:53:11 | INFO | C04 | ========================
2026-06-05 10:53:11 | INFO | C04 | START consumer main()
2026-06-05 10:53:11 | INFO | C04 | ========================
2026-06-05 10:53:11 | INFO | C04 | ROOT_DIR = .
2026-06-05 10:53:11 | INFO | C04 | DATA_DIR = data
2026-06-05 10:53:11 | INFO | C04 | OUTPUT_CSV = data\output\consumed_sales.csv
2026-06-05 10:53:11 | INFO | C04 | OUTPUT_CHART = data\output\sales_chart_case.png
2026-06-05 10:53:11 | INFO | C04 | REGIONS_CSV = data\regions.csv
2026-06-05 10:53:11 | INFO | C04 | PRODUCTS_CSV = data\products.csv
2026-06-05 10:53:11 | INFO | C04 | CURRENCIES_CSV = data\currencies.csv
2026-06-05 10:53:11 | INFO | C04 | DISCOUNT_CODES_CSV = data\discount_codes.csv
2026-06-05 10:53:11 | INFO | C04 | ========================
2026-06-05 10:53:11 | INFO | C04 | SECTION A. Acquire
2026-06-05 10:53:11 | INFO | C04 | ========================
2026-06-05 10:53:11 | INFO | C04 | Loading settings from .env...
2026-06-05 10:53:11 | INFO | C04 | KAFKA_BOOTSTRAP_SERVERS  = localhost:9092
2026-06-05 10:53:11 | INFO | C04 | KAFKA_TOPIC              = product-sales-case
2026-06-05 10:53:11 | INFO | C04 | KAFKA_GROUP_ID           = streaming-consumer-group-A
2026-06-05 10:53:11 | INFO | C04 | CONSUMER_TIMEOUT_SECONDS = 10.0
2026-06-05 10:53:11 | INFO | C04 | CONSUMER_MAX_MESSAGES    = 1000
2026-06-05 10:53:11 | INFO | C04 | Verifying Kafka connection...
2026-06-05 10:53:11 | INFO | C04 | Kafka port is reachable.
2026-06-05 10:53:11 | INFO | C04 | Verifying Kafka topic...
2026-06-05 10:53:26 | INFO | C04 | Topic 'product-sales-case' exists.
2026-06-05 10:53:26 | INFO | C04 | Found 6 message(s) available.
2026-06-05 10:53:26 | INFO | C04 | Creating Kafka consumer...
2026-06-05 10:53:26 | INFO | C04 | Subscribed to topic: 'product-sales-case' (reading from beginning)
2026-06-05 10:53:26 | INFO | C04 | ========================
2026-06-05 10:53:26 | INFO | C04 | SECTION C. Consume and Process Messages
2026-06-05 10:53:26 | INFO | C04 | ========================
2026-06-05 10:53:26 | INFO | C04 | Initializing output...
2026-06-05 10:53:26 | INFO | C04 | Output CSV cleared: consumed_sales.csv
2026-06-05 10:53:26 | INFO | C04 | Live chart initialized.
2026-06-05 10:53:26 | INFO | C04 | Loading enrichment reference data...
2026-06-05 10:53:26 | INFO | C04 | Found 6 region tax rates.
2026-06-05 10:53:26 | INFO | C04 | Consuming messages...
2026-06-05 10:53:26 | INFO | C04 | Waiting for up to 1000 message(s).
2026-06-05 10:53:26 | INFO | C04 | Press CTRL+C to stop early.

2026-06-05 10:53:33 | INFO | C04 | {'currency_code': 'USD', 'customer_id': 'CUST-4150', 'customer_note': 'Gift for my team', 'datetime': '2026-05-04T08:11:00Z', 'device_type': 'tablet', 'discount_code': '', 'is_new_customer': 'false', 'is_online': 'true', 'order_id': 'e7324981-a9f0-419f-b708-d0a333451fff', 'payment_method': 'paypal', 'product_id': 'PY-STREAM-005', 'quantity': '3', 'referral_source': 'paid_search', 'region_id': 'US-TX', 'unit_price': '59.99', '_kafka_key': 'US-TX', '_kafka_partition': 0, '_kafka_offset': 0}
2026-06-05 10:53:33 | INFO | C04 | subtotal=179.97
2026-06-05 10:53:33 | INFO | C04 | tax=14.85
2026-06-05 10:53:33 | INFO | C04 | total=194.82
2026-06-05 10:53:33 | INFO | C04 | running_total=194.82
2026-06-05 10:53:33 | INFO | C04 | MESSAGE ACCEPTED
2026-06-05 10:53:33 | INFO | C04 | order=e7324981-a9f0-419f-b708-d0a333451fff
2026-06-05 10:53:33 | INFO | C04 | total=$194.82
2026-06-05 10:53:33 | INFO | C04 | consumed=1
2026-06-05 10:53:33 | INFO | C04 | RUNNING STATS
2026-06-05 10:53:33 | INFO | C04 | total_sales=$194.82
2026-06-05 10:53:33 | INFO | C04 | average=$194.82
2026-06-05 10:53:33 | INFO | C04 | min=$194.82
2026-06-05 10:53:33 | INFO | C04 | max=$194.82
2026-06-05 10:53:33 | INFO | C04 | {'currency_code': 'USD', 'customer_id': 'CUST-1106', 'customer_note': 'Gift for my team', 'datetime': '2026-05-04T08:23:00Z', 'device_type': 'mobile', 'discount_code': '', 'is_new_customer': 'false', 'is_online': 'true', 'order_id': 'd61943e0-f543-4b5f-9c9a-18605ea4cfe5', 'payment_method': 'paypal', 'product_id': 'PY-DATA-002', 'quantity': '1', 'referral_source': 'paid_search', 'region_id': 'US-TX', 'unit_price': '49.99', '_kafka_key': 'US-TX', '_kafka_partition': 0, '_kafka_offset': 1}
2026-06-05 10:53:33 | INFO | C04 | subtotal=49.99
2026-06-05 10:53:33 | INFO | C04 | tax=4.12
2026-06-05 10:53:33 | INFO | C04 | total=54.11
2026-06-05 10:53:33 | INFO | C04 | running_total=248.93
2026-06-05 10:53:33 | INFO | C04 | MESSAGE ACCEPTED
2026-06-05 10:53:33 | INFO | C04 | order=d61943e0-f543-4b5f-9c9a-18605ea4cfe5
2026-06-05 10:53:33 | INFO | C04 | total=$54.11
2026-06-05 10:53:33 | INFO | C04 | consumed=2
2026-06-05 10:53:33 | INFO | C04 | RUNNING STATS
2026-06-05 10:53:33 | INFO | C04 | total_sales=$248.93
2026-06-05 10:53:33 | INFO | C04 | average=$124.47
2026-06-05 10:53:33 | INFO | C04 | min=$54.11
2026-06-05 10:53:33 | INFO | C04 | max=$194.82
2026-06-05 10:53:33 | INFO | C04 | {'currency_code': 'CAD', 'customer_id': 'CUST-2133', 'customer_note': 'Learning at my own pace', 'datetime': '2026-05-04T08:28:00Z', 'device_type': 'desktop', 'discount_code': '', 'is_new_customer': 'false', 'is_online': 'true', 'order_id': '14da1915-8e74-47be-9e10-f7275d31af46', 'payment_method': 'paypal', 'product_id': 'PY-NLP-006', 'quantity': '1', 'referral_source': 'organic', 'region_id': 'CA-QC', 'unit_price': '54.99', '_kafka_key': 'CA-QC', '_kafka_partition': 0, '_kafka_offset': 2}
2026-06-05 10:53:33 | INFO | C04 | subtotal=54.99
2026-06-05 10:53:33 | INFO | C04 | tax=8.23
2026-06-05 10:53:33 | INFO | C04 | total=63.22
2026-06-05 10:53:33 | INFO | C04 | running_total=312.15
2026-06-05 10:53:33 | INFO | C04 | MESSAGE ACCEPTED
2026-06-05 10:53:33 | INFO | C04 | order=14da1915-8e74-47be-9e10-f7275d31af46
2026-06-05 10:53:33 | INFO | C04 | total=$63.22
2026-06-05 10:53:33 | INFO | C04 | consumed=3
2026-06-05 10:53:33 | INFO | C04 | RUNNING STATS
2026-06-05 10:53:33 | INFO | C04 | total_sales=$312.15
2026-06-05 10:53:33 | INFO | C04 | average=$104.05
2026-06-05 10:53:33 | INFO | C04 | min=$54.11
2026-06-05 10:53:33 | INFO | C04 | max=$194.82
2026-06-05 10:53:33 | INFO | C04 | {'currency_code': 'USD', 'customer_id': 'CUST-5333', 'customer_note': 'Highly recommend', 'datetime': '2026-05-04T08:40:00Z', 'device_type': 'mobile', 'discount_code': '', 'is_new_customer': 'false', 'is_online': 'true', 'order_id': 'd77ed935-9b28-431d-bc25-0a3fd98f4154', 'payment_method': 'paypal', 'product_id': 'PY-STREAM-005', 'quantity': '1', 'referral_source': 'organic', 'region_id': 'US-CA', 'unit_price': '59.99', '_kafka_key': 'US-CA', '_kafka_partition': 0, '_kafka_offset': 3}
2026-06-05 10:53:33 | INFO | C04 | subtotal=59.99
2026-06-05 10:53:33 | INFO | C04 | tax=5.7
2026-06-05 10:53:33 | INFO | C04 | total=65.69
2026-06-05 10:53:33 | INFO | C04 | running_total=377.84
2026-06-05 10:53:33 | INFO | C04 | MESSAGE ACCEPTED
2026-06-05 10:53:33 | INFO | C04 | order=d77ed935-9b28-431d-bc25-0a3fd98f4154
2026-06-05 10:53:33 | INFO | C04 | total=$65.69
2026-06-05 10:53:33 | INFO | C04 | consumed=4
2026-06-05 10:53:33 | INFO | C04 | RUNNING STATS
2026-06-05 10:53:33 | INFO | C04 | total_sales=$377.84
2026-06-05 10:53:33 | INFO | C04 | average=$94.46
2026-06-05 10:53:33 | INFO | C04 | min=$54.11
2026-06-05 10:53:33 | INFO | C04 | max=$194.82
2026-06-05 10:53:33 | INFO | C04 | {'currency_code': 'USD', 'customer_id': 'CUST-8573', 'customer_note': 'Learning at my own pace', 'datetime': '2026-05-04T08:41:00Z', 'device_type': 'mobile', 'discount_code': '', 'is_new_customer': 'false', 'is_online': 'true', 'order_id': '24b91995-25f8-4ad7-8fa6-2e4c15750e5e', 'payment_method': 'apple_pay', 'product_id': 'PY-VIZ-003', 'quantity': '1', 'referral_source': 'paid_search', 'region_id': 'US-MO', 'unit_price': '39.99', '_kafka_key': 'US-MO', '_kafka_partition': 0, '_kafka_offset': 4}
2026-06-05 10:53:33 | INFO | C04 | subtotal=39.99
2026-06-05 10:53:33 | INFO | C04 | tax=3.2
2026-06-05 10:53:33 | INFO | C04 | total=43.19
2026-06-05 10:53:33 | INFO | C04 | running_total=421.03
2026-06-05 10:53:33 | INFO | C04 | MESSAGE ACCEPTED
2026-06-05 10:53:33 | INFO | C04 | order=24b91995-25f8-4ad7-8fa6-2e4c15750e5e
2026-06-05 10:53:33 | INFO | C04 | total=$43.19
2026-06-05 10:53:33 | INFO | C04 | consumed=5
2026-06-05 10:53:33 | INFO | C04 | RUNNING STATS
2026-06-05 10:53:33 | INFO | C04 | total_sales=$421.03
2026-06-05 10:53:33 | INFO | C04 | average=$84.21
2026-06-05 10:53:33 | INFO | C04 | min=$43.19
2026-06-05 10:53:33 | INFO | C04 | max=$194.82
2026-06-05 10:53:33 | INFO | C04 | {'currency_code': 'CAD', 'customer_id': 'CUST-8062', 'customer_note': '', 'datetime': '2026-05-04T08:54:00Z', 'device_type': 'tablet', 'discount_code': '', 'is_new_customer': 'false', 'is_online': 'true', 'order_id': '1ec0fc8b-998c-4f43-8a66-19e1fa7d5fa8', 'payment_method': 'paypal', 'product_id': 'PY-SQL-004', 'quantity': '1', 'referral_source': 'organic', 'region_id': 'CA-ON', 'unit_price': '44.99', '_kafka_key': 'CA-ON', '_kafka_partition': 0, '_kafka_offset': 5}
2026-06-05 10:53:33 | INFO | C04 | subtotal=44.99
2026-06-05 10:53:33 | INFO | C04 | tax=5.85
2026-06-05 10:53:33 | INFO | C04 | total=50.84
2026-06-05 10:53:33 | INFO | C04 | running_total=471.87
2026-06-05 10:53:33 | INFO | C04 | MESSAGE ACCEPTED
2026-06-05 10:53:33 | INFO | C04 | order=1ec0fc8b-998c-4f43-8a66-19e1fa7d5fa8
2026-06-05 10:53:33 | INFO | C04 | total=$50.84
2026-06-05 10:53:33 | INFO | C04 | consumed=6
2026-06-05 10:53:33 | INFO | C04 | RUNNING STATS
2026-06-05 10:53:33 | INFO | C04 | total_sales=$471.87
2026-06-05 10:53:33 | INFO | C04 | average=$78.64
2026-06-05 10:53:33 | INFO | C04 | min=$43.19
2026-06-05 10:53:33 | INFO | C04 | max=$194.82
2026-06-05 10:53:44 | INFO | C04 | No message received within 10.0s timeout.
2026-06-05 10:53:44 | INFO | C04 | Producer finished or paused. Stopping consumer.
2026-06-05 10:53:44 | INFO | C04 | Kafka consumer closed.
2026-06-05 10:53:44 | INFO | C04 | Saving artifacts...
2026-06-05 10:53:44 | INFO | C04 | WROTE OUTPUT_CHART = data\output\sales_chart_case.png
2026-06-05 10:53:44 | INFO | C04 | WROTE OUTPUT_CSV = data\output\consumed_sales.csv
2026-06-05 10:53:44 | INFO | C04 | Live chart closed.
2026-06-05 10:53:44 | INFO | C04 | ========================
2026-06-05 10:53:44 | INFO | C04 | SECTION E. Exit
2026-06-05 10:53:44 | INFO | C04 | ========================
2026-06-05 10:53:44 | INFO | C04 | Summary:
2026-06-05 10:53:44 | INFO | C04 | Consumed 6 message(s) from topic 'product-sales-case'.
2026-06-05 10:53:44 | INFO | C04 | Skipped  0 message(s).
2026-06-05 10:53:44 | INFO | C04 | OUTPUT_CSV = data\output\consumed_sales.csv
2026-06-05 10:53:44 | INFO | C04 | OUTPUT_CHART = data\output\sales_chart_case.png
2026-06-05 10:53:44 | INFO | C04 |   Total sales:  $471.87
2026-06-05 10:53:44 | INFO | C04 |   Average sale: $78.64
2026-06-05 10:53:44 | INFO | C04 |   Minimum sale: $43.19
2026-06-05 10:53:44 | INFO | C04 |   Maximum sale: $194.82
2026-06-05 10:53:44 | INFO | C04 | ========================
2026-06-05 10:53:44 | INFO | C04 | Consumer executed successfully!
2026-06-05 10:53:44 | INFO | C04 | ========================
2026-06-09 14:41:53 | DEBUG | C04 | No variables found in .env
2026-06-09 14:41:53 | DEBUG | P03 | No variables found in .env
2026-06-11 17:26:29 | DEBUG | P03 | KAFKA_BOOTSTRAP_SERVERS           = localhost:9092
2026-06-11 17:26:29 | DEBUG | P03 | KAFKA_BROKER_ADDRESS_FAMILY       = v6
2026-06-11 17:26:29 | DEBUG | P03 | KAFKA_TOPIC                       = streaming-04-visualization-kjleopold
2026-06-11 17:26:29 | DEBUG | P03 | KAFKA_CLEAR_TOPIC_ON_START        = true
2026-06-11 17:26:29 | DEBUG | P03 | PRODUCER_MESSAGE_COUNT            = 15
2026-06-11 17:26:29 | DEBUG | P03 | PRODUCER_MESSAGE_INTERVAL_SECONDS = 1
2026-06-11 17:26:29 | DEBUG | P03 | PRODUCER_MAX_MESSAGES             = 200
2026-06-11 17:26:29 | DEBUG | P03 | PRODUCER_POLL_INTERVAL_SECONDS    = 15
2026-06-11 17:26:29 | DEBUG | P03 | KAFKA_GROUP_ID                    = streaming-consumer-group-A
2026-06-11 17:26:29 | DEBUG | P03 | KAFKA_AUTO_OFFSET_RESET           = earliest
2026-06-11 17:26:29 | DEBUG | P03 | CONSUMER_TIMEOUT_SECONDS          = 10
2026-06-11 17:26:29 | DEBUG | P03 | CONSUMER_MAX_MESSAGES             = 1000
2026-06-11 17:26:29 | INFO | P03 | === RUN START ===
2026-06-11 17:26:29 | INFO | P03 | project=P03
2026-06-11 17:26:29 | INFO | P03 | repo_dir=streaming-04-visualization
2026-06-11 17:26:29 | INFO | P03 | python=3.14.5
2026-06-11 17:26:29 | INFO | P03 | os=Windows 11
2026-06-11 17:26:29 | INFO | P03 | shell=powershell
2026-06-11 17:26:29 | INFO | P03 | cwd=.
2026-06-11 17:26:29 | INFO | P03 | github_actions=False
2026-06-11 17:26:29 | INFO | P03 | ========================
2026-06-11 17:26:29 | INFO | P03 | START producer main()
2026-06-11 17:26:29 | INFO | P03 | ========================
2026-06-11 17:26:29 | INFO | P03 | ROOT_DIR = .
2026-06-11 17:26:29 | INFO | P03 | DATA_DIR = data
2026-06-11 17:26:29 | INFO | P03 | SALES_CSV = data\sales.csv
2026-06-11 17:26:29 | INFO | P03 | REGIONS_CSV = data\regions.csv
2026-06-11 17:26:29 | INFO | P03 | PRODUCTS_CSV = data\products.csv
2026-06-11 17:26:29 | INFO | P03 | REJECTED_SALES_CSV = data\output\producer_rejected_sales.csv
2026-06-11 17:26:29 | INFO | P03 | ========================
2026-06-11 17:26:29 | INFO | P03 | SECTION A. Acquire
2026-06-11 17:26:29 | INFO | P03 | ========================
2026-06-11 17:26:29 | INFO | P03 | Loading settings from .env...
2026-06-11 17:26:29 | INFO | P03 | KAFKA_BOOTSTRAP_SERVERS           = localhost:9092
2026-06-11 17:26:29 | INFO | P03 | KAFKA_TOPIC                       = streaming-04-visualization-kjleopold
2026-06-11 17:26:29 | INFO | P03 | PRODUCER_MESSAGE_COUNT            = 15
2026-06-11 17:26:29 | INFO | P03 | PRODUCER_MESSAGE_INTERVAL_SECONDS = 1.0
2026-06-11 17:26:29 | INFO | P03 | KAFKA_CLEAR_TOPIC_ON_START        = True
2026-06-11 17:26:29 | INFO | P03 | Verifying Kafka connection...
2026-06-11 17:26:29 | INFO | P03 | Kafka port is reachable.
2026-06-11 17:26:31 | DEBUG | C04 | KAFKA_BOOTSTRAP_SERVERS           = localhost:9092
2026-06-11 17:26:31 | DEBUG | C04 | KAFKA_BROKER_ADDRESS_FAMILY       = v6
2026-06-11 17:26:31 | DEBUG | C04 | KAFKA_TOPIC                       = streaming-04-visualization-kjleopold
2026-06-11 17:26:31 | DEBUG | C04 | KAFKA_CLEAR_TOPIC_ON_START        = true
2026-06-11 17:26:31 | DEBUG | C04 | PRODUCER_MESSAGE_COUNT            = 15
2026-06-11 17:26:31 | DEBUG | C04 | PRODUCER_MESSAGE_INTERVAL_SECONDS = 1
2026-06-11 17:26:31 | DEBUG | C04 | PRODUCER_MAX_MESSAGES             = 200
2026-06-11 17:26:31 | DEBUG | C04 | PRODUCER_POLL_INTERVAL_SECONDS    = 15
2026-06-11 17:26:31 | DEBUG | C04 | KAFKA_GROUP_ID                    = streaming-consumer-group-A
2026-06-11 17:26:31 | DEBUG | C04 | KAFKA_AUTO_OFFSET_RESET           = earliest
2026-06-11 17:26:31 | DEBUG | C04 | CONSUMER_TIMEOUT_SECONDS          = 10
2026-06-11 17:26:31 | DEBUG | C04 | CONSUMER_MAX_MESSAGES             = 1000
2026-06-11 17:26:31 | INFO | C04 | === RUN START ===
2026-06-11 17:26:31 | INFO | C04 | project=C04
2026-06-11 17:26:31 | INFO | C04 | repo_dir=streaming-04-visualization
2026-06-11 17:26:31 | INFO | C04 | python=3.14.5
2026-06-11 17:26:31 | INFO | C04 | os=Windows 11
2026-06-11 17:26:31 | INFO | C04 | shell=powershell
2026-06-11 17:26:31 | INFO | C04 | cwd=.
2026-06-11 17:26:31 | INFO | C04 | github_actions=False
2026-06-11 17:26:31 | INFO | C04 | ========================
2026-06-11 17:26:31 | INFO | C04 | START consumer main()
2026-06-11 17:26:31 | INFO | C04 | ========================
2026-06-11 17:26:31 | INFO | C04 | ROOT_DIR = .
2026-06-11 17:26:31 | INFO | C04 | DATA_DIR = data
2026-06-11 17:26:31 | INFO | C04 | OUTPUT_CSV = data\output\consumed_sales_kjleopold.csv
2026-06-11 17:26:31 | INFO | C04 | OUTPUT_CHART = data\output\sales_chart_kjleopold.png
2026-06-11 17:26:31 | INFO | C04 | REGIONS_CSV = data\regions.csv
2026-06-11 17:26:31 | INFO | C04 | PRODUCTS_CSV = data\products.csv
2026-06-11 17:26:31 | INFO | C04 | CURRENCIES_CSV = data\currencies.csv
2026-06-11 17:26:31 | INFO | C04 | DISCOUNT_CODES_CSV = data\discount_codes.csv
2026-06-11 17:26:31 | INFO | C04 | ========================
2026-06-11 17:26:31 | INFO | C04 | SECTION A. Acquire
2026-06-11 17:26:31 | INFO | C04 | ========================
2026-06-11 17:26:31 | INFO | C04 | Loading settings from .env...
2026-06-11 17:26:31 | INFO | C04 | KAFKA_BOOTSTRAP_SERVERS  = localhost:9092
2026-06-11 17:26:31 | INFO | C04 | KAFKA_TOPIC              = streaming-04-visualization-kjleopold
2026-06-11 17:26:31 | INFO | C04 | KAFKA_GROUP_ID           = streaming-consumer-group-A
2026-06-11 17:26:31 | INFO | C04 | CONSUMER_TIMEOUT_SECONDS = 10.0
2026-06-11 17:26:31 | INFO | C04 | CONSUMER_MAX_MESSAGES    = 1000
2026-06-11 17:26:31 | INFO | C04 | Verifying Kafka connection...
2026-06-11 17:26:31 | INFO | C04 | Kafka port is reachable.
2026-06-11 17:26:31 | INFO | C04 | Verifying Kafka topic...
2026-06-11 17:26:31 | INFO | P03 | Loading validation reference data...
2026-06-11 17:26:31 | INFO | P03 | Found 6 valid regions, 6 valid products.
2026-06-11 17:26:31 | INFO | P03 | ========================
2026-06-11 17:26:31 | INFO | P03 | SECTION P. Produce Messages
2026-06-11 17:26:31 | INFO | P03 | ========================
2026-06-11 17:26:31 | INFO | P03 | Initializing output...
2026-06-11 17:26:31 | INFO | P03 | Output directory ready: output
2026-06-11 17:26:31 | INFO | P03 | Sending messages...
2026-06-11 17:26:31 | INFO | P03 | Sending up to 15 message(s) to topic 'streaming-04-visualization-kjleopold'.
2026-06-11 17:26:31 | INFO | P03 | Watch each sale arrive. Press CTRL+C to stop early.

2026-06-11 17:26:31 | INFO | P03 | {
  order_id: e7324981-a9f0-419f-b708-d0a333451fff
  datetime: 2026-05-04T08:11:00Z
  region_id: US-TX
  currency_code: USD
  product_id: PY-STREAM-005
  unit_price: 59.99
  quantity: 3
  is_online: true
  customer_id: CUST-4150
  is_new_customer: false
  device_type: tablet
  payment_method: paypal
  referral_source: paid_search
  discount_code: 
  customer_note: Gift for my team
}
2026-06-11 17:26:31 | INFO | P03 |   Sending message with key=US-TX
2026-06-11 17:26:31 | INFO | P03 |   MESSAGE SENT  sent=1
2026-06-11 17:26:32 | INFO | P03 | {
  order_id: d61943e0-f543-4b5f-9c9a-18605ea4cfe5
  datetime: 2026-05-04T08:23:00Z
  region_id: US-TX
  currency_code: USD
  product_id: PY-DATA-002
  unit_price: 49.99
  quantity: 1
  is_online: true
  customer_id: CUST-1106
  is_new_customer: false
  device_type: mobile
  payment_method: paypal
  referral_source: paid_search
  discount_code: 
  customer_note: Gift for my team
}
2026-06-11 17:26:32 | INFO | P03 |   Sending message with key=US-TX
2026-06-11 17:26:32 | INFO | P03 |   MESSAGE SENT  sent=2
2026-06-11 17:26:33 | INFO | P03 | {
  order_id: 14da1915-8e74-47be-9e10-f7275d31af46
  datetime: 2026-05-04T08:28:00Z
  region_id: CA-QC
  currency_code: CAD
  product_id: PY-NLP-006
  unit_price: 54.99
  quantity: 1
  is_online: true
  customer_id: CUST-2133
  is_new_customer: false
  device_type: desktop
  payment_method: paypal
  referral_source: organic
  discount_code: 
  customer_note: Learning at my own pace
}
2026-06-11 17:26:33 | INFO | P03 |   Sending message with key=CA-QC
2026-06-11 17:26:34 | INFO | P03 |   MESSAGE SENT  sent=3
2026-06-11 17:26:35 | INFO | P03 | {
  order_id: d77ed935-9b28-431d-bc25-0a3fd98f4154
  datetime: 2026-05-04T08:40:00Z
  region_id: US-CA
  currency_code: USD
  product_id: PY-STREAM-005
  unit_price: 59.99
  quantity: 1
  is_online: true
  customer_id: CUST-5333
  is_new_customer: false
  device_type: mobile
  payment_method: paypal
  referral_source: organic
  discount_code: 
  customer_note: Highly recommend
}
2026-06-11 17:26:35 | INFO | P03 |   Sending message with key=US-CA
2026-06-11 17:26:35 | INFO | P03 |   MESSAGE SENT  sent=4
2026-06-11 17:26:36 | INFO | P03 | {
  order_id: 24b91995-25f8-4ad7-8fa6-2e4c15750e5e
  datetime: 2026-05-04T08:41:00Z
  region_id: US-MO
  currency_code: USD
  product_id: PY-VIZ-003
  unit_price: 39.99
  quantity: 1
  is_online: true
  customer_id: CUST-8573
  is_new_customer: false
  device_type: mobile
  payment_method: apple_pay
  referral_source: paid_search
  discount_code: 
  customer_note: Learning at my own pace
}
2026-06-11 17:26:36 | INFO | P03 |   Sending message with key=US-MO
2026-06-11 17:26:36 | INFO | P03 |   MESSAGE SENT  sent=5
2026-06-11 17:26:37 | INFO | P03 | {
  order_id: 1ec0fc8b-998c-4f43-8a66-19e1fa7d5fa8
  datetime: 2026-05-04T08:54:00Z
  region_id: CA-ON
  currency_code: CAD
  product_id: PY-SQL-004
  unit_price: 44.99
  quantity: 1
  is_online: true
  customer_id: CUST-8062
  is_new_customer: false
  device_type: tablet
  payment_method: paypal
  referral_source: organic
  discount_code: 
  customer_note: 
}
2026-06-11 17:26:37 | INFO | P03 |   Sending message with key=CA-ON
2026-06-11 17:26:37 | INFO | P03 |   MESSAGE SENT  sent=6
2026-06-11 17:26:38 | INFO | P03 | {
  order_id: 392dd49b-b385-499c-9b4a-a38387fa39ae
  datetime: 2026-05-04T09:07:00Z
  region_id: CA-ON
  currency_code: CAD
  product_id: PY-INTRO-001
  unit_price: 29.99
  quantity: 1
  is_online: false
  customer_id: CUST-9348
  is_new_customer: false
  device_type: desktop
  payment_method: credit_card
  referral_source: paid_search
  discount_code: 
  customer_note: For my study group
}
2026-06-11 17:26:38 | INFO | P03 |   Sending message with key=CA-ON
2026-06-11 17:26:38 | INFO | P03 |   MESSAGE SENT  sent=7
2026-06-11 17:26:38 | INFO | C04 | Topic 'streaming-04-visualization-kjleopold' exists.
2026-06-11 17:26:38 | INFO | C04 | Found 7 message(s) available.
2026-06-11 17:26:38 | INFO | C04 | Creating Kafka consumer...
2026-06-11 17:26:38 | INFO | C04 | Subscribed to topic: 'streaming-04-visualization-kjleopold' (reading from beginning)
2026-06-11 17:26:38 | INFO | C04 | ========================
2026-06-11 17:26:38 | INFO | C04 | SECTION C. Consume and Process Messages
2026-06-11 17:26:38 | INFO | C04 | ========================
2026-06-11 17:26:38 | INFO | C04 | Initializing output...
2026-06-11 17:26:38 | INFO | C04 | Output CSV cleared: consumed_sales_kjleopold.csv
2026-06-11 17:26:39 | INFO | P03 | {
  order_id: 02782ab7-dd7d-4ebe-8abc-ef81cdc4193b
  datetime: 2026-05-04T09:15:00Z
  region_id: US-CA
  currency_code: USD
  product_id: PY-VIZ-003
  unit_price: 39.99
  quantity: 1
  is_online: true
  customer_id: CUST-5889
  is_new_customer: false
  device_type: tablet
  payment_method: paypal
  referral_source: organic
  discount_code: 
  customer_note: 
}
2026-06-11 17:26:39 | INFO | P03 |   Sending message with key=US-CA
2026-06-11 17:26:39 | INFO | P03 |   MESSAGE SENT  sent=8
2026-06-11 17:26:39 | INFO | C04 | Live chart initialized.
2026-06-11 17:26:39 | INFO | C04 | Loading enrichment reference data...
2026-06-11 17:26:39 | INFO | C04 | Found 6 region tax rates.
2026-06-11 17:26:39 | INFO | C04 | Consuming messages...
2026-06-11 17:26:39 | INFO | C04 | Waiting for up to 1000 message(s).
2026-06-11 17:26:39 | INFO | C04 | Press CTRL+C to stop early.

2026-06-11 17:26:40 | INFO | P03 | {
  order_id: 67bd3492-cc96-429a-9a91-1b4d2132d261
  datetime: 2026-05-04T09:19:00Z
  region_id: CA-ON
  currency_code: CAD
  product_id: PY-VIZ-003
  unit_price: 39.99
  quantity: 1
  is_online: true
  customer_id: CUST-4770
  is_new_customer: false
  device_type: desktop
  payment_method: credit_card
  referral_source: paid_search
  discount_code: 
  customer_note: Excellent content
}
2026-06-11 17:26:40 | INFO | P03 |   Sending message with key=CA-ON
2026-06-11 17:26:40 | INFO | P03 |   MESSAGE SENT  sent=9
2026-06-11 17:26:41 | INFO | P03 | {
  order_id: 0a021628-6937-4876-8875-b00c07a39e0f
  datetime: 2026-05-04T09:37:00Z
  region_id: MX-CMX
  currency_code: MXN
  product_id: PY-DATA-002
  unit_price: 49.99
  quantity: 1
  is_online: true
  customer_id: CUST-6168
  is_new_customer: false
  device_type: desktop
  payment_method: paypal
  referral_source: organic
  discount_code: 
  customer_note: 
}
2026-06-11 17:26:41 | INFO | P03 |   Sending message with key=MX-CMX
2026-06-11 17:26:41 | INFO | P03 |   MESSAGE SENT  sent=10
2026-06-11 17:26:42 | INFO | P03 | {
  order_id: b05fc600-a5fc-4826-934c-cc1f188b0715
  datetime: 2026-05-04T09:42:00Z
  region_id: US-MO
  currency_code: USD
  product_id: PY-DATA-002
  unit_price: 49.99
  quantity: 3
  is_online: true
  customer_id: CUST-3340
  is_new_customer: false
  device_type: tablet
  payment_method: credit_card
  referral_source: organic
  discount_code: 
  customer_note: Recommended by a colleague
}
2026-06-11 17:26:42 | INFO | P03 |   Sending message with key=US-MO
2026-06-11 17:26:42 | INFO | P03 |   MESSAGE SENT  sent=11
2026-06-11 17:26:43 | INFO | P03 | {
  order_id: 03d437fb-6966-47ad-a67a-728630c8b3f8
  datetime: 2026-05-04T10:06:00Z
  region_id: US-MO
  currency_code: USD
  product_id: PY-INTRO-001
  unit_price: 29.99
  quantity: 1
  is_online: true
  customer_id: CUST-8668
  is_new_customer: false
  device_type: mobile
  payment_method: apple_pay
  referral_source: email
  discount_code: 
  customer_note: 
}
2026-06-11 17:26:43 | INFO | P03 |   Sending message with key=US-MO
2026-06-11 17:26:43 | INFO | P03 |   MESSAGE SENT  sent=12
2026-06-11 17:26:44 | INFO | P03 | {
  order_id: 6914aea4-448f-4dc1-b68f-0fe4a2c06188
  datetime: 2026-05-04T10:15:00Z
  region_id: US-TX
  currency_code: USD
  product_id: PY-DATA-002
  unit_price: 49.99
  quantity: 1
  is_online: true
  customer_id: CUST-2827
  is_new_customer: false
  device_type: tablet
  payment_method: credit_card
  referral_source: organic
  discount_code: 
  customer_note: Learning at my own pace
}
2026-06-11 17:26:44 | INFO | P03 |   Sending message with key=US-TX
2026-06-11 17:26:44 | INFO | P03 |   MESSAGE SENT  sent=13
2026-06-11 17:26:44 | INFO | C04 | {'currency_code': 'USD', 'customer_id': 'CUST-4150', 'customer_note': 'Gift for my team', 'datetime': '2026-05-04T08:11:00Z', 'device_type': 'tablet', 'discount_code': '', 'is_new_customer': 'false', 'is_online': 'true', 'order_id': 'e7324981-a9f0-419f-b708-d0a333451fff', 'payment_method': 'paypal', 'product_id': 'PY-STREAM-005', 'quantity': '3', 'referral_source': 'paid_search', 'region_id': 'US-TX', 'unit_price': '59.99', '_kafka_key': 'US-TX', '_kafka_partition': 0, '_kafka_offset': 0}
2026-06-11 17:26:44 | INFO | C04 | subtotal=179.97
2026-06-11 17:26:44 | INFO | C04 | tax=14.85
2026-06-11 17:26:44 | INFO | C04 | total=194.82
2026-06-11 17:26:44 | INFO | C04 | running_total=194.82
2026-06-11 17:26:44 | INFO | C04 | MESSAGE ACCEPTED
2026-06-11 17:26:44 | INFO | C04 | order=e7324981-a9f0-419f-b708-d0a333451fff
2026-06-11 17:26:44 | INFO | C04 | total=$194.82
2026-06-11 17:26:44 | INFO | C04 | consumed=1
2026-06-11 17:26:44 | INFO | C04 | RUNNING STATS
2026-06-11 17:26:44 | INFO | C04 | total_sales=$194.82
2026-06-11 17:26:44 | INFO | C04 | average=$194.82
2026-06-11 17:26:44 | INFO | C04 | min=$194.82
2026-06-11 17:26:44 | INFO | C04 | max=$194.82
2026-06-11 17:26:44 | INFO | C04 | {'currency_code': 'USD', 'customer_id': 'CUST-1106', 'customer_note': 'Gift for my team', 'datetime': '2026-05-04T08:23:00Z', 'device_type': 'mobile', 'discount_code': '', 'is_new_customer': 'false', 'is_online': 'true', 'order_id': 'd61943e0-f543-4b5f-9c9a-18605ea4cfe5', 'payment_method': 'paypal', 'product_id': 'PY-DATA-002', 'quantity': '1', 'referral_source': 'paid_search', 'region_id': 'US-TX', 'unit_price': '49.99', '_kafka_key': 'US-TX', '_kafka_partition': 0, '_kafka_offset': 1}
2026-06-11 17:26:44 | INFO | C04 | subtotal=49.99
2026-06-11 17:26:44 | INFO | C04 | tax=4.12
2026-06-11 17:26:44 | INFO | C04 | total=54.11
2026-06-11 17:26:44 | INFO | C04 | running_total=248.93
2026-06-11 17:26:44 | INFO | C04 | MESSAGE ACCEPTED
2026-06-11 17:26:44 | INFO | C04 | order=d61943e0-f543-4b5f-9c9a-18605ea4cfe5
2026-06-11 17:26:44 | INFO | C04 | total=$54.11
2026-06-11 17:26:44 | INFO | C04 | consumed=2
2026-06-11 17:26:44 | INFO | C04 | RUNNING STATS
2026-06-11 17:26:44 | INFO | C04 | total_sales=$248.93
2026-06-11 17:26:44 | INFO | C04 | average=$124.47
2026-06-11 17:26:44 | INFO | C04 | min=$54.11
2026-06-11 17:26:44 | INFO | C04 | max=$194.82
2026-06-11 17:26:44 | INFO | C04 | {'currency_code': 'CAD', 'customer_id': 'CUST-2133', 'customer_note': 'Learning at my own pace', 'datetime': '2026-05-04T08:28:00Z', 'device_type': 'desktop', 'discount_code': '', 'is_new_customer': 'false', 'is_online': 'true', 'order_id': '14da1915-8e74-47be-9e10-f7275d31af46', 'payment_method': 'paypal', 'product_id': 'PY-NLP-006', 'quantity': '1', 'referral_source': 'organic', 'region_id': 'CA-QC', 'unit_price': '54.99', '_kafka_key': 'CA-QC', '_kafka_partition': 0, '_kafka_offset': 2}
2026-06-11 17:26:44 | INFO | C04 | subtotal=54.99
2026-06-11 17:26:44 | INFO | C04 | tax=8.23
2026-06-11 17:26:44 | INFO | C04 | total=63.22
2026-06-11 17:26:44 | INFO | C04 | running_total=312.15
2026-06-11 17:26:44 | INFO | C04 | MESSAGE ACCEPTED
2026-06-11 17:26:44 | INFO | C04 | order=14da1915-8e74-47be-9e10-f7275d31af46
2026-06-11 17:26:44 | INFO | C04 | total=$63.22
2026-06-11 17:26:44 | INFO | C04 | consumed=3
2026-06-11 17:26:44 | INFO | C04 | RUNNING STATS
2026-06-11 17:26:44 | INFO | C04 | total_sales=$312.15
2026-06-11 17:26:44 | INFO | C04 | average=$104.05
2026-06-11 17:26:44 | INFO | C04 | min=$54.11
2026-06-11 17:26:44 | INFO | C04 | max=$194.82
2026-06-11 17:26:44 | INFO | C04 | {'currency_code': 'USD', 'customer_id': 'CUST-5333', 'customer_note': 'Highly recommend', 'datetime': '2026-05-04T08:40:00Z', 'device_type': 'mobile', 'discount_code': '', 'is_new_customer': 'false', 'is_online': 'true', 'order_id': 'd77ed935-9b28-431d-bc25-0a3fd98f4154', 'payment_method': 'paypal', 'product_id': 'PY-STREAM-005', 'quantity': '1', 'referral_source': 'organic', 'region_id': 'US-CA', 'unit_price': '59.99', '_kafka_key': 'US-CA', '_kafka_partition': 0, '_kafka_offset': 3}
2026-06-11 17:26:44 | INFO | C04 | subtotal=59.99
2026-06-11 17:26:44 | INFO | C04 | tax=5.7
2026-06-11 17:26:44 | INFO | C04 | total=65.69
2026-06-11 17:26:44 | INFO | C04 | running_total=377.84
2026-06-11 17:26:44 | INFO | C04 | MESSAGE ACCEPTED
2026-06-11 17:26:44 | INFO | C04 | order=d77ed935-9b28-431d-bc25-0a3fd98f4154
2026-06-11 17:26:44 | INFO | C04 | total=$65.69
2026-06-11 17:26:44 | INFO | C04 | consumed=4
2026-06-11 17:26:44 | INFO | C04 | RUNNING STATS
2026-06-11 17:26:44 | INFO | C04 | total_sales=$377.84
2026-06-11 17:26:44 | INFO | C04 | average=$94.46
2026-06-11 17:26:44 | INFO | C04 | min=$54.11
2026-06-11 17:26:44 | INFO | C04 | max=$194.82
2026-06-11 17:26:44 | INFO | C04 | {'currency_code': 'USD', 'customer_id': 'CUST-8573', 'customer_note': 'Learning at my own pace', 'datetime': '2026-05-04T08:41:00Z', 'device_type': 'mobile', 'discount_code': '', 'is_new_customer': 'false', 'is_online': 'true', 'order_id': '24b91995-25f8-4ad7-8fa6-2e4c15750e5e', 'payment_method': 'apple_pay', 'product_id': 'PY-VIZ-003', 'quantity': '1', 'referral_source': 'paid_search', 'region_id': 'US-MO', 'unit_price': '39.99', '_kafka_key': 'US-MO', '_kafka_partition': 0, '_kafka_offset': 4}
2026-06-11 17:26:44 | INFO | C04 | subtotal=39.99
2026-06-11 17:26:44 | INFO | C04 | tax=3.2
2026-06-11 17:26:44 | INFO | C04 | total=43.19
2026-06-11 17:26:44 | INFO | C04 | running_total=421.03
2026-06-11 17:26:45 | INFO | C04 | MESSAGE ACCEPTED
2026-06-11 17:26:45 | INFO | C04 | order=24b91995-25f8-4ad7-8fa6-2e4c15750e5e
2026-06-11 17:26:45 | INFO | C04 | total=$43.19
2026-06-11 17:26:45 | INFO | C04 | consumed=5
2026-06-11 17:26:45 | INFO | C04 | RUNNING STATS
2026-06-11 17:26:45 | INFO | C04 | total_sales=$421.03
2026-06-11 17:26:45 | INFO | C04 | average=$84.21
2026-06-11 17:26:45 | INFO | C04 | min=$43.19
2026-06-11 17:26:45 | INFO | C04 | max=$194.82
2026-06-11 17:26:45 | INFO | C04 | {'currency_code': 'CAD', 'customer_id': 'CUST-8062', 'customer_note': '', 'datetime': '2026-05-04T08:54:00Z', 'device_type': 'tablet', 'discount_code': '', 'is_new_customer': 'false', 'is_online': 'true', 'order_id': '1ec0fc8b-998c-4f43-8a66-19e1fa7d5fa8', 'payment_method': 'paypal', 'product_id': 'PY-SQL-004', 'quantity': '1', 'referral_source': 'organic', 'region_id': 'CA-ON', 'unit_price': '44.99', '_kafka_key': 'CA-ON', '_kafka_partition': 0, '_kafka_offset': 5}
2026-06-11 17:26:45 | INFO | C04 | subtotal=44.99
2026-06-11 17:26:45 | INFO | C04 | tax=5.85
2026-06-11 17:26:45 | INFO | C04 | total=50.84
2026-06-11 17:26:45 | INFO | C04 | running_total=471.87
2026-06-11 17:26:45 | INFO | C04 | MESSAGE ACCEPTED
2026-06-11 17:26:45 | INFO | C04 | order=1ec0fc8b-998c-4f43-8a66-19e1fa7d5fa8
2026-06-11 17:26:45 | INFO | C04 | total=$50.84
2026-06-11 17:26:45 | INFO | C04 | consumed=6
2026-06-11 17:26:45 | INFO | C04 | RUNNING STATS
2026-06-11 17:26:45 | INFO | C04 | total_sales=$471.87
2026-06-11 17:26:45 | INFO | C04 | average=$78.64
2026-06-11 17:26:45 | INFO | C04 | min=$43.19
2026-06-11 17:26:45 | INFO | C04 | max=$194.82
2026-06-11 17:26:45 | INFO | C04 | {'currency_code': 'CAD', 'customer_id': 'CUST-9348', 'customer_note': 'For my study group', 'datetime': '2026-05-04T09:07:00Z', 'device_type': 'desktop', 'discount_code': '', 'is_new_customer': 'false', 'is_online': 'false', 'order_id': '392dd49b-b385-499c-9b4a-a38387fa39ae', 'payment_method': 'credit_card', 'product_id': 'PY-INTRO-001', 'quantity': '1', 'referral_source': 'paid_search', 'region_id': 'CA-ON', 'unit_price': '29.99', '_kafka_key': 'CA-ON', '_kafka_partition': 0, '_kafka_offset': 6}
2026-06-11 17:26:45 | INFO | C04 | subtotal=29.99
2026-06-11 17:26:45 | INFO | C04 | tax=3.9
2026-06-11 17:26:45 | INFO | C04 | total=33.89
2026-06-11 17:26:45 | INFO | C04 | running_total=505.76
2026-06-11 17:26:45 | INFO | C04 | MESSAGE ACCEPTED
2026-06-11 17:26:45 | INFO | C04 | order=392dd49b-b385-499c-9b4a-a38387fa39ae
2026-06-11 17:26:45 | INFO | C04 | total=$33.89
2026-06-11 17:26:45 | INFO | C04 | consumed=7
2026-06-11 17:26:45 | INFO | C04 | RUNNING STATS
2026-06-11 17:26:45 | INFO | C04 | total_sales=$505.76
2026-06-11 17:26:45 | INFO | C04 | average=$72.25
2026-06-11 17:26:45 | INFO | C04 | min=$33.89
2026-06-11 17:26:45 | INFO | C04 | max=$194.82
2026-06-11 17:26:45 | INFO | C04 | {'currency_code': 'USD', 'customer_id': 'CUST-5889', 'customer_note': '', 'datetime': '2026-05-04T09:15:00Z', 'device_type': 'tablet', 'discount_code': '', 'is_new_customer': 'false', 'is_online': 'true', 'order_id': '02782ab7-dd7d-4ebe-8abc-ef81cdc4193b', 'payment_method': 'paypal', 'product_id': 'PY-VIZ-003', 'quantity': '1', 'referral_source': 'organic', 'region_id': 'US-CA', 'unit_price': '39.99', '_kafka_key': 'US-CA', '_kafka_partition': 0, '_kafka_offset': 7}
2026-06-11 17:26:45 | INFO | C04 | subtotal=39.99
2026-06-11 17:26:45 | INFO | C04 | tax=3.8
2026-06-11 17:26:45 | INFO | C04 | total=43.79
2026-06-11 17:26:45 | INFO | C04 | running_total=549.55
2026-06-11 17:26:45 | INFO | C04 | MESSAGE ACCEPTED
2026-06-11 17:26:45 | INFO | C04 | order=02782ab7-dd7d-4ebe-8abc-ef81cdc4193b
2026-06-11 17:26:45 | INFO | C04 | total=$43.79
2026-06-11 17:26:45 | INFO | C04 | consumed=8
2026-06-11 17:26:45 | INFO | C04 | RUNNING STATS
2026-06-11 17:26:45 | INFO | C04 | total_sales=$549.55
2026-06-11 17:26:45 | INFO | C04 | average=$68.69
2026-06-11 17:26:45 | INFO | C04 | min=$33.89
2026-06-11 17:26:45 | INFO | C04 | max=$194.82
2026-06-11 17:26:45 | INFO | C04 | {'currency_code': 'CAD', 'customer_id': 'CUST-4770', 'customer_note': 'Excellent content', 'datetime': '2026-05-04T09:19:00Z', 'device_type': 'desktop', 'discount_code': '', 'is_new_customer': 'false', 'is_online': 'true', 'order_id': '67bd3492-cc96-429a-9a91-1b4d2132d261', 'payment_method': 'credit_card', 'product_id': 'PY-VIZ-003', 'quantity': '1', 'referral_source': 'paid_search', 'region_id': 'CA-ON', 'unit_price': '39.99', '_kafka_key': 'CA-ON', '_kafka_partition': 0, '_kafka_offset': 8}
2026-06-11 17:26:45 | INFO | C04 | subtotal=39.99
2026-06-11 17:26:45 | INFO | C04 | tax=5.2
2026-06-11 17:26:45 | INFO | C04 | total=45.19
2026-06-11 17:26:45 | INFO | C04 | running_total=594.74
2026-06-11 17:26:45 | INFO | C04 | MESSAGE ACCEPTED
2026-06-11 17:26:45 | INFO | C04 | order=67bd3492-cc96-429a-9a91-1b4d2132d261
2026-06-11 17:26:45 | INFO | C04 | total=$45.19
2026-06-11 17:26:45 | INFO | C04 | consumed=9
2026-06-11 17:26:45 | INFO | C04 | RUNNING STATS
2026-06-11 17:26:45 | INFO | C04 | total_sales=$594.74
2026-06-11 17:26:45 | INFO | C04 | average=$66.08
2026-06-11 17:26:45 | INFO | C04 | min=$33.89
2026-06-11 17:26:45 | INFO | C04 | max=$194.82
2026-06-11 17:26:45 | INFO | C04 | {'currency_code': 'MXN', 'customer_id': 'CUST-6168', 'customer_note': '', 'datetime': '2026-05-04T09:37:00Z', 'device_type': 'desktop', 'discount_code': '', 'is_new_customer': 'false', 'is_online': 'true', 'order_id': '0a021628-6937-4876-8875-b00c07a39e0f', 'payment_method': 'paypal', 'product_id': 'PY-DATA-002', 'quantity': '1', 'referral_source': 'organic', 'region_id': 'MX-CMX', 'unit_price': '49.99', '_kafka_key': 'MX-CMX', '_kafka_partition': 0, '_kafka_offset': 9}
2026-06-11 17:26:45 | INFO | C04 | subtotal=49.99
2026-06-11 17:26:45 | INFO | C04 | tax=8.0
2026-06-11 17:26:45 | INFO | C04 | total=57.99
2026-06-11 17:26:45 | INFO | C04 | running_total=652.73
2026-06-11 17:26:45 | INFO | P03 | {
  order_id: e1adb233-3aa8-4d60-9684-1ddf52e9d656
  datetime: 2026-05-04T10:16:00Z
  region_id: US-MO
  currency_code: USD
  product_id: PY-STREAM-005
  unit_price: 59.99
  quantity: 5
  is_online: false
  customer_id: CUST-4295
  is_new_customer: false
  device_type: desktop
  payment_method: paypal
  referral_source: organic
  discount_code: 
  customer_note: For my study group
}
2026-06-11 17:26:45 | INFO | P03 |   Sending message with key=US-MO
2026-06-11 17:26:45 | INFO | C04 | MESSAGE ACCEPTED
2026-06-11 17:26:45 | INFO | C04 | order=0a021628-6937-4876-8875-b00c07a39e0f
2026-06-11 17:26:45 | INFO | C04 | total=$57.99
2026-06-11 17:26:45 | INFO | C04 | consumed=10
2026-06-11 17:26:45 | INFO | C04 | RUNNING STATS
2026-06-11 17:26:45 | INFO | C04 | total_sales=$652.73
2026-06-11 17:26:45 | INFO | C04 | average=$65.27
2026-06-11 17:26:45 | INFO | C04 | min=$33.89
2026-06-11 17:26:45 | INFO | C04 | max=$194.82
2026-06-11 17:26:45 | INFO | C04 | {'currency_code': 'USD', 'customer_id': 'CUST-3340', 'customer_note': 'Recommended by a colleague', 'datetime': '2026-05-04T09:42:00Z', 'device_type': 'tablet', 'discount_code': '', 'is_new_customer': 'false', 'is_online': 'true', 'order_id': 'b05fc600-a5fc-4826-934c-cc1f188b0715', 'payment_method': 'credit_card', 'product_id': 'PY-DATA-002', 'quantity': '3', 'referral_source': 'organic', 'region_id': 'US-MO', 'unit_price': '49.99', '_kafka_key': 'US-MO', '_kafka_partition': 0, '_kafka_offset': 10}
2026-06-11 17:26:45 | INFO | C04 | subtotal=149.97
2026-06-11 17:26:45 | INFO | C04 | tax=12.0
2026-06-11 17:26:45 | INFO | C04 | total=161.97
2026-06-11 17:26:45 | INFO | C04 | running_total=814.70
2026-06-11 17:26:45 | INFO | P03 |   MESSAGE SENT  sent=14
2026-06-11 17:26:45 | INFO | C04 | MESSAGE ACCEPTED
2026-06-11 17:26:45 | INFO | C04 | order=b05fc600-a5fc-4826-934c-cc1f188b0715
2026-06-11 17:26:45 | INFO | C04 | total=$161.97
2026-06-11 17:26:45 | INFO | C04 | consumed=11
2026-06-11 17:26:45 | INFO | C04 | RUNNING STATS
2026-06-11 17:26:45 | INFO | C04 | total_sales=$814.70
2026-06-11 17:26:45 | INFO | C04 | average=$74.06
2026-06-11 17:26:45 | INFO | C04 | min=$33.89
2026-06-11 17:26:45 | INFO | C04 | max=$194.82
2026-06-11 17:26:45 | INFO | C04 | {'currency_code': 'USD', 'customer_id': 'CUST-8668', 'customer_note': '', 'datetime': '2026-05-04T10:06:00Z', 'device_type': 'mobile', 'discount_code': '', 'is_new_customer': 'false', 'is_online': 'true', 'order_id': '03d437fb-6966-47ad-a67a-728630c8b3f8', 'payment_method': 'apple_pay', 'product_id': 'PY-INTRO-001', 'quantity': '1', 'referral_source': 'email', 'region_id': 'US-MO', 'unit_price': '29.99', '_kafka_key': 'US-MO', '_kafka_partition': 0, '_kafka_offset': 11}
2026-06-11 17:26:45 | INFO | C04 | subtotal=29.99
2026-06-11 17:26:45 | INFO | C04 | tax=2.4
2026-06-11 17:26:45 | INFO | C04 | total=32.39
2026-06-11 17:26:45 | INFO | C04 | running_total=847.09
2026-06-11 17:26:45 | INFO | C04 | MESSAGE ACCEPTED
2026-06-11 17:26:45 | INFO | C04 | order=03d437fb-6966-47ad-a67a-728630c8b3f8
2026-06-11 17:26:45 | INFO | C04 | total=$32.39
2026-06-11 17:26:45 | INFO | C04 | consumed=12
2026-06-11 17:26:45 | INFO | C04 | RUNNING STATS
2026-06-11 17:26:45 | INFO | C04 | total_sales=$847.09
2026-06-11 17:26:45 | INFO | C04 | average=$70.59
2026-06-11 17:26:45 | INFO | C04 | min=$32.39
2026-06-11 17:26:45 | INFO | C04 | max=$194.82
2026-06-11 17:26:45 | INFO | C04 | {'currency_code': 'USD', 'customer_id': 'CUST-2827', 'customer_note': 'Learning at my own pace', 'datetime': '2026-05-04T10:15:00Z', 'device_type': 'tablet', 'discount_code': '', 'is_new_customer': 'false', 'is_online': 'true', 'order_id': '6914aea4-448f-4dc1-b68f-0fe4a2c06188', 'payment_method': 'credit_card', 'product_id': 'PY-DATA-002', 'quantity': '1', 'referral_source': 'organic', 'region_id': 'US-TX', 'unit_price': '49.99', '_kafka_key': 'US-TX', '_kafka_partition': 0, '_kafka_offset': 12}
2026-06-11 17:26:45 | INFO | C04 | subtotal=49.99
2026-06-11 17:26:45 | INFO | C04 | tax=4.12
2026-06-11 17:26:45 | INFO | C04 | total=54.11
2026-06-11 17:26:45 | INFO | C04 | running_total=901.20
2026-06-11 17:26:45 | INFO | C04 | MESSAGE ACCEPTED
2026-06-11 17:26:45 | INFO | C04 | order=6914aea4-448f-4dc1-b68f-0fe4a2c06188
2026-06-11 17:26:45 | INFO | C04 | total=$54.11
2026-06-11 17:26:45 | INFO | C04 | consumed=13
2026-06-11 17:26:45 | INFO | C04 | RUNNING STATS
2026-06-11 17:26:45 | INFO | C04 | total_sales=$901.20
2026-06-11 17:26:45 | INFO | C04 | average=$69.32
2026-06-11 17:26:45 | INFO | C04 | min=$32.39
2026-06-11 17:26:45 | INFO | C04 | max=$194.82
2026-06-11 17:26:45 | INFO | C04 | {'currency_code': 'USD', 'customer_id': 'CUST-4295', 'customer_note': 'For my study group', 'datetime': '2026-05-04T10:16:00Z', 'device_type': 'desktop', 'discount_code': '', 'is_new_customer': 'false', 'is_online': 'false', 'order_id': 'e1adb233-3aa8-4d60-9684-1ddf52e9d656', 'payment_method': 'paypal', 'product_id': 'PY-STREAM-005', 'quantity': '5', 'referral_source': 'organic', 'region_id': 'US-MO', 'unit_price': '59.99', '_kafka_key': 'US-MO', '_kafka_partition': 0, '_kafka_offset': 13}
2026-06-11 17:26:45 | INFO | C04 | subtotal=299.95
2026-06-11 17:26:45 | INFO | C04 | tax=24.0
2026-06-11 17:26:45 | INFO | C04 | total=323.95
2026-06-11 17:26:45 | INFO | C04 | running_total=1225.15
2026-06-11 17:26:45 | INFO | C04 | MESSAGE ACCEPTED
2026-06-11 17:26:45 | INFO | C04 | order=e1adb233-3aa8-4d60-9684-1ddf52e9d656
2026-06-11 17:26:45 | INFO | C04 | total=$323.95
2026-06-11 17:26:45 | INFO | C04 | consumed=14
2026-06-11 17:26:45 | INFO | C04 | RUNNING STATS
2026-06-11 17:26:45 | INFO | C04 | total_sales=$1,225.15
2026-06-11 17:26:45 | INFO | C04 | average=$87.51
2026-06-11 17:26:45 | INFO | C04 | min=$32.39
2026-06-11 17:26:45 | INFO | C04 | max=$323.95
2026-06-11 17:26:46 | INFO | P03 | {
  order_id: 80e9a9ea-9add-4d51-981a-d26aaacd4dc9
  datetime: 2026-05-04T10:30:00Z
  region_id: US-MO
  currency_code: USD
  product_id: PY-DATA-002
  unit_price: 49.99
  quantity: 1
  is_online: true
  customer_id: CUST-8953
  is_new_customer: false
  device_type: desktop
  payment_method: credit_card
  referral_source: social
  discount_code: 
  customer_note: For my study group
}
2026-06-11 17:26:46 | INFO | P03 |   Sending message with key=US-MO
2026-06-11 17:26:46 | INFO | P03 |   MESSAGE SENT  sent=15
2026-06-11 17:26:46 | INFO | C04 | {'currency_code': 'USD', 'customer_id': 'CUST-8953', 'customer_note': 'For my study group', 'datetime': '2026-05-04T10:30:00Z', 'device_type': 'desktop', 'discount_code': '', 'is_new_customer': 'false', 'is_online': 'true', 'order_id': '80e9a9ea-9add-4d51-981a-d26aaacd4dc9', 'payment_method': 'credit_card', 'product_id': 'PY-DATA-002', 'quantity': '1', 'referral_source': 'social', 'region_id': 'US-MO', 'unit_price': '49.99', '_kafka_key': 'US-MO', '_kafka_partition': 0, '_kafka_offset': 14}
2026-06-11 17:26:46 | INFO | C04 | subtotal=49.99
2026-06-11 17:26:46 | INFO | C04 | tax=4.0
2026-06-11 17:26:46 | INFO | C04 | total=53.99
2026-06-11 17:26:46 | INFO | C04 | running_total=1279.14
2026-06-11 17:26:46 | INFO | C04 | MESSAGE ACCEPTED
2026-06-11 17:26:46 | INFO | C04 | order=80e9a9ea-9add-4d51-981a-d26aaacd4dc9
2026-06-11 17:26:46 | INFO | C04 | total=$53.99
2026-06-11 17:26:46 | INFO | C04 | consumed=15
2026-06-11 17:26:46 | INFO | C04 | RUNNING STATS
2026-06-11 17:26:46 | INFO | C04 | total_sales=$1,279.14
2026-06-11 17:26:46 | INFO | C04 | average=$85.28
2026-06-11 17:26:46 | INFO | C04 | min=$32.39
2026-06-11 17:26:46 | INFO | C04 | max=$323.95
2026-06-11 17:26:47 | INFO | P03 | Checking for rejected records...
2026-06-11 17:26:47 | INFO | P03 |   No records rejected.
2026-06-11 17:26:47 | INFO | P03 | ========================
2026-06-11 17:26:47 | INFO | P03 | SECTION E. Exit
2026-06-11 17:26:47 | INFO | P03 | ========================
2026-06-11 17:26:47 | INFO | P03 | Summary:
2026-06-11 17:26:47 | INFO | P03 | Sent 15 message(s) to topic 'streaming-04-visualization-kjleopold'.
2026-06-11 17:26:47 | INFO | P03 | Rejected 0 message(s).
2026-06-11 17:26:47 | INFO | P03 | ========================
2026-06-11 17:26:47 | INFO | P03 | Producer executed successfully!
2026-06-11 17:26:47 | INFO | P03 | ========================
2026-06-11 17:26:56 | INFO | C04 | No message received within 10.0s timeout.
2026-06-11 17:26:56 | INFO | C04 | Producer finished or paused. Stopping consumer.
2026-06-11 17:26:56 | INFO | C04 | Kafka consumer closed.
2026-06-11 17:26:56 | INFO | C04 | Saving artifacts...
2026-06-11 17:26:57 | INFO | C04 | WROTE OUTPUT_CHART = data\output\sales_chart_kjleopold.png
2026-06-11 17:26:57 | INFO | C04 | WROTE OUTPUT_CSV = data\output\consumed_sales_kjleopold.csv
2026-06-11 17:26:57 | INFO | C04 | Live chart closed.
2026-06-11 17:26:57 | INFO | C04 | ========================
2026-06-11 17:26:57 | INFO | C04 | SECTION E. Exit
2026-06-11 17:26:57 | INFO | C04 | ========================
2026-06-11 17:26:57 | INFO | C04 | Summary:
2026-06-11 17:26:57 | INFO | C04 | Consumed 15 message(s) from topic 'streaming-04-visualization-kjleopold'.
2026-06-11 17:26:57 | INFO | C04 | Skipped  0 message(s).
2026-06-11 17:26:57 | INFO | C04 | OUTPUT_CSV = data\output\consumed_sales_kjleopold.csv
2026-06-11 17:26:57 | INFO | C04 | OUTPUT_CHART = data\output\sales_chart_kjleopold.png
2026-06-11 17:26:57 | INFO | C04 |   Total sales:  $1,279.14
2026-06-11 17:26:57 | INFO | C04 |   Average sale: $85.28
2026-06-11 17:26:57 | INFO | C04 |   Minimum sale: $32.39
2026-06-11 17:26:57 | INFO | C04 |   Maximum sale: $323.95
2026-06-11 17:26:57 | INFO | C04 | ========================
2026-06-11 17:26:57 | INFO | C04 | Consumer executed successfully!
2026-06-11 17:26:57 | INFO | C04 | ========================
2026-06-11 17:31:41 | DEBUG | P03 | KAFKA_BOOTSTRAP_SERVERS           = localhost:9092
2026-06-11 17:31:41 | DEBUG | P03 | KAFKA_BROKER_ADDRESS_FAMILY       = v6
2026-06-11 17:31:41 | DEBUG | P03 | KAFKA_TOPIC                       = streaming-04-visualization-kjleopold
2026-06-11 17:31:41 | DEBUG | P03 | KAFKA_CLEAR_TOPIC_ON_START        = true
2026-06-11 17:31:41 | DEBUG | P03 | PRODUCER_MESSAGE_COUNT            = 15
2026-06-11 17:31:41 | DEBUG | P03 | PRODUCER_MESSAGE_INTERVAL_SECONDS = 1
2026-06-11 17:31:41 | DEBUG | P03 | PRODUCER_MAX_MESSAGES             = 200
2026-06-11 17:31:41 | DEBUG | P03 | PRODUCER_POLL_INTERVAL_SECONDS    = 15
2026-06-11 17:31:41 | DEBUG | P03 | KAFKA_GROUP_ID                    = streaming-consumer-group-A
2026-06-11 17:31:41 | DEBUG | P03 | KAFKA_AUTO_OFFSET_RESET           = earliest
2026-06-11 17:31:41 | DEBUG | P03 | CONSUMER_TIMEOUT_SECONDS          = 10
2026-06-11 17:31:41 | DEBUG | P03 | CONSUMER_MAX_MESSAGES             = 1000
2026-06-11 17:31:41 | INFO | P03 | === RUN START ===
2026-06-11 17:31:41 | INFO | P03 | project=P03
2026-06-11 17:31:41 | INFO | P03 | repo_dir=streaming-04-visualization
2026-06-11 17:31:41 | INFO | P03 | python=3.14.5
2026-06-11 17:31:41 | INFO | P03 | os=Windows 11
2026-06-11 17:31:41 | INFO | P03 | shell=powershell
2026-06-11 17:31:41 | INFO | P03 | cwd=.
2026-06-11 17:31:41 | INFO | P03 | github_actions=False
2026-06-11 17:31:41 | INFO | P03 | ========================
2026-06-11 17:31:41 | INFO | P03 | START producer main()
2026-06-11 17:31:41 | INFO | P03 | ========================
2026-06-11 17:31:41 | INFO | P03 | ROOT_DIR = .
2026-06-11 17:31:41 | INFO | P03 | DATA_DIR = data
2026-06-11 17:31:41 | INFO | P03 | SALES_CSV = data\sales.csv
2026-06-11 17:31:41 | INFO | P03 | REGIONS_CSV = data\regions.csv
2026-06-11 17:31:41 | INFO | P03 | PRODUCTS_CSV = data\products.csv
2026-06-11 17:31:41 | INFO | P03 | REJECTED_SALES_CSV = data\output\producer_rejected_sales.csv
2026-06-11 17:31:41 | INFO | P03 | ========================
2026-06-11 17:31:41 | INFO | P03 | SECTION A. Acquire
2026-06-11 17:31:41 | INFO | P03 | ========================
2026-06-11 17:31:41 | INFO | P03 | Loading settings from .env...
2026-06-11 17:31:41 | INFO | P03 | KAFKA_BOOTSTRAP_SERVERS           = localhost:9092
2026-06-11 17:31:41 | INFO | P03 | KAFKA_TOPIC                       = streaming-04-visualization-kjleopold
2026-06-11 17:31:41 | INFO | P03 | PRODUCER_MESSAGE_COUNT            = 15
2026-06-11 17:31:41 | INFO | P03 | PRODUCER_MESSAGE_INTERVAL_SECONDS = 1.0
2026-06-11 17:31:41 | INFO | P03 | KAFKA_CLEAR_TOPIC_ON_START        = True
2026-06-11 17:31:41 | INFO | P03 | Verifying Kafka connection...
2026-06-11 17:31:41 | INFO | P03 | Kafka port is reachable.
2026-06-11 17:31:43 | INFO | P03 | Loading validation reference data...
2026-06-11 17:31:43 | INFO | P03 | Found 6 valid regions, 6 valid products.
2026-06-11 17:31:43 | INFO | P03 | ========================
2026-06-11 17:31:43 | INFO | P03 | SECTION P. Produce Messages
2026-06-11 17:31:43 | INFO | P03 | ========================
2026-06-11 17:31:43 | INFO | P03 | Initializing output...
2026-06-11 17:31:43 | INFO | P03 | Output directory ready: output
2026-06-11 17:31:43 | INFO | P03 | Sending messages...
2026-06-11 17:31:43 | INFO | P03 | Sending up to 15 message(s) to topic 'streaming-04-visualization-kjleopold'.
2026-06-11 17:31:43 | INFO | P03 | Watch each sale arrive. Press CTRL+C to stop early.

2026-06-11 17:31:43 | INFO | P03 | {
  order_id: e7324981-a9f0-419f-b708-d0a333451fff
  datetime: 2026-05-04T08:11:00Z
  region_id: US-TX
  currency_code: USD
  product_id: PY-STREAM-005
  unit_price: 59.99
  quantity: 3
  is_online: true
  customer_id: CUST-4150
  is_new_customer: false
  device_type: tablet
  payment_method: paypal
  referral_source: paid_search
  discount_code: 
  customer_note: Gift for my team
}
2026-06-11 17:31:43 | INFO | P03 |   Sending message with key=US-TX
2026-06-11 17:31:43 | INFO | P03 |   MESSAGE SENT  sent=1
2026-06-11 17:31:44 | DEBUG | C04 | KAFKA_BOOTSTRAP_SERVERS           = localhost:9092
2026-06-11 17:31:44 | DEBUG | C04 | KAFKA_BROKER_ADDRESS_FAMILY       = v6
2026-06-11 17:31:44 | DEBUG | C04 | KAFKA_TOPIC                       = streaming-04-visualization-kjleopold
2026-06-11 17:31:44 | DEBUG | C04 | KAFKA_CLEAR_TOPIC_ON_START        = true
2026-06-11 17:31:44 | DEBUG | C04 | PRODUCER_MESSAGE_COUNT            = 15
2026-06-11 17:31:44 | DEBUG | C04 | PRODUCER_MESSAGE_INTERVAL_SECONDS = 1
2026-06-11 17:31:44 | DEBUG | C04 | PRODUCER_MAX_MESSAGES             = 200
2026-06-11 17:31:44 | DEBUG | C04 | PRODUCER_POLL_INTERVAL_SECONDS    = 15
2026-06-11 17:31:44 | DEBUG | C04 | KAFKA_GROUP_ID                    = streaming-consumer-group-A
2026-06-11 17:31:44 | DEBUG | C04 | KAFKA_AUTO_OFFSET_RESET           = earliest
2026-06-11 17:31:44 | DEBUG | C04 | CONSUMER_TIMEOUT_SECONDS          = 10
2026-06-11 17:31:44 | DEBUG | C04 | CONSUMER_MAX_MESSAGES             = 1000
2026-06-11 17:31:44 | INFO | C04 | === RUN START ===
2026-06-11 17:31:44 | INFO | C04 | project=C04
2026-06-11 17:31:44 | INFO | C04 | repo_dir=streaming-04-visualization
2026-06-11 17:31:44 | INFO | C04 | python=3.14.5
2026-06-11 17:31:44 | INFO | C04 | os=Windows 11
2026-06-11 17:31:44 | INFO | C04 | shell=powershell
2026-06-11 17:31:44 | INFO | C04 | cwd=.
2026-06-11 17:31:44 | INFO | C04 | github_actions=False
2026-06-11 17:31:44 | INFO | C04 | ========================
2026-06-11 17:31:44 | INFO | C04 | START consumer main()
2026-06-11 17:31:44 | INFO | C04 | ========================
2026-06-11 17:31:44 | INFO | C04 | ROOT_DIR = .
2026-06-11 17:31:44 | INFO | C04 | DATA_DIR = data
2026-06-11 17:31:44 | INFO | C04 | OUTPUT_CSV = data\output\consumed_sales_kjleopold.csv
2026-06-11 17:31:44 | INFO | C04 | OUTPUT_CHART = data\output\sales_chart_kjleopold.png
2026-06-11 17:31:44 | INFO | C04 | REGIONS_CSV = data\regions.csv
2026-06-11 17:31:44 | INFO | C04 | PRODUCTS_CSV = data\products.csv
2026-06-11 17:31:44 | INFO | C04 | CURRENCIES_CSV = data\currencies.csv
2026-06-11 17:31:44 | INFO | C04 | DISCOUNT_CODES_CSV = data\discount_codes.csv
2026-06-11 17:31:44 | INFO | C04 | ========================
2026-06-11 17:31:44 | INFO | C04 | SECTION A. Acquire
2026-06-11 17:31:44 | INFO | C04 | ========================
2026-06-11 17:31:44 | INFO | C04 | Loading settings from .env...
2026-06-11 17:31:44 | INFO | C04 | KAFKA_BOOTSTRAP_SERVERS  = localhost:9092
2026-06-11 17:31:44 | INFO | C04 | KAFKA_TOPIC              = streaming-04-visualization-kjleopold
2026-06-11 17:31:44 | INFO | C04 | KAFKA_GROUP_ID           = streaming-consumer-group-A
2026-06-11 17:31:44 | INFO | C04 | CONSUMER_TIMEOUT_SECONDS = 10.0
2026-06-11 17:31:44 | INFO | C04 | CONSUMER_MAX_MESSAGES    = 1000
2026-06-11 17:31:44 | INFO | C04 | Verifying Kafka connection...
2026-06-11 17:31:44 | INFO | C04 | Kafka port is reachable.
2026-06-11 17:31:44 | INFO | C04 | Verifying Kafka topic...
2026-06-11 17:31:44 | INFO | P03 | {
  order_id: d61943e0-f543-4b5f-9c9a-18605ea4cfe5
  datetime: 2026-05-04T08:23:00Z
  region_id: US-TX
  currency_code: USD
  product_id: PY-DATA-002
  unit_price: 49.99
  quantity: 1
  is_online: true
  customer_id: CUST-1106
  is_new_customer: false
  device_type: mobile
  payment_method: paypal
  referral_source: paid_search
  discount_code: 
  customer_note: Gift for my team
}
2026-06-11 17:31:44 | INFO | P03 |   Sending message with key=US-TX
2026-06-11 17:31:44 | INFO | P03 |   MESSAGE SENT  sent=2
2026-06-11 17:31:45 | INFO | P03 | {
  order_id: 14da1915-8e74-47be-9e10-f7275d31af46
  datetime: 2026-05-04T08:28:00Z
  region_id: CA-QC
  currency_code: CAD
  product_id: PY-NLP-006
  unit_price: 54.99
  quantity: 1
  is_online: true
  customer_id: CUST-2133
  is_new_customer: false
  device_type: desktop
  payment_method: paypal
  referral_source: organic
  discount_code: 
  customer_note: Learning at my own pace
}
2026-06-11 17:31:45 | INFO | P03 |   Sending message with key=CA-QC
2026-06-11 17:31:45 | INFO | P03 |   MESSAGE SENT  sent=3
2026-06-11 17:31:46 | INFO | P03 | {
  order_id: d77ed935-9b28-431d-bc25-0a3fd98f4154
  datetime: 2026-05-04T08:40:00Z
  region_id: US-CA
  currency_code: USD
  product_id: PY-STREAM-005
  unit_price: 59.99
  quantity: 1
  is_online: true
  customer_id: CUST-5333
  is_new_customer: false
  device_type: mobile
  payment_method: paypal
  referral_source: organic
  discount_code: 
  customer_note: Highly recommend
}
2026-06-11 17:31:46 | INFO | P03 |   Sending message with key=US-CA
2026-06-11 17:31:46 | INFO | P03 |   MESSAGE SENT  sent=4
2026-06-11 17:31:47 | INFO | P03 | {
  order_id: 24b91995-25f8-4ad7-8fa6-2e4c15750e5e
  datetime: 2026-05-04T08:41:00Z
  region_id: US-MO
  currency_code: USD
  product_id: PY-VIZ-003
  unit_price: 39.99
  quantity: 1
  is_online: true
  customer_id: CUST-8573
  is_new_customer: false
  device_type: mobile
  payment_method: apple_pay
  referral_source: paid_search
  discount_code: 
  customer_note: Learning at my own pace
}
2026-06-11 17:31:47 | INFO | P03 |   Sending message with key=US-MO
2026-06-11 17:31:47 | INFO | P03 |   MESSAGE SENT  sent=5
2026-06-11 17:31:48 | INFO | P03 | {
  order_id: 1ec0fc8b-998c-4f43-8a66-19e1fa7d5fa8
  datetime: 2026-05-04T08:54:00Z
  region_id: CA-ON
  currency_code: CAD
  product_id: PY-SQL-004
  unit_price: 44.99
  quantity: 1
  is_online: true
  customer_id: CUST-8062
  is_new_customer: false
  device_type: tablet
  payment_method: paypal
  referral_source: organic
  discount_code: 
  customer_note: 
}
2026-06-11 17:31:48 | INFO | P03 |   Sending message with key=CA-ON
2026-06-11 17:31:48 | INFO | P03 |   MESSAGE SENT  sent=6
2026-06-11 17:31:49 | INFO | P03 | {
  order_id: 392dd49b-b385-499c-9b4a-a38387fa39ae
  datetime: 2026-05-04T09:07:00Z
  region_id: CA-ON
  currency_code: CAD
  product_id: PY-INTRO-001
  unit_price: 29.99
  quantity: 1
  is_online: false
  customer_id: CUST-9348
  is_new_customer: false
  device_type: desktop
  payment_method: credit_card
  referral_source: paid_search
  discount_code: 
  customer_note: For my study group
}
2026-06-11 17:31:49 | INFO | P03 |   Sending message with key=CA-ON
2026-06-11 17:31:49 | INFO | P03 |   MESSAGE SENT  sent=7
2026-06-11 17:31:50 | INFO | P03 | {
  order_id: 02782ab7-dd7d-4ebe-8abc-ef81cdc4193b
  datetime: 2026-05-04T09:15:00Z
  region_id: US-CA
  currency_code: USD
  product_id: PY-VIZ-003
  unit_price: 39.99
  quantity: 1
  is_online: true
  customer_id: CUST-5889
  is_new_customer: false
  device_type: tablet
  payment_method: paypal
  referral_source: organic
  discount_code: 
  customer_note: 
}
2026-06-11 17:31:50 | INFO | P03 |   Sending message with key=US-CA
2026-06-11 17:31:50 | INFO | P03 |   MESSAGE SENT  sent=8
2026-06-11 17:31:51 | INFO | P03 | {
  order_id: 67bd3492-cc96-429a-9a91-1b4d2132d261
  datetime: 2026-05-04T09:19:00Z
  region_id: CA-ON
  currency_code: CAD
  product_id: PY-VIZ-003
  unit_price: 39.99
  quantity: 1
  is_online: true
  customer_id: CUST-4770
  is_new_customer: false
  device_type: desktop
  payment_method: credit_card
  referral_source: paid_search
  discount_code: 
  customer_note: Excellent content
}
2026-06-11 17:31:51 | INFO | P03 |   Sending message with key=CA-ON
2026-06-11 17:31:52 | INFO | P03 |   MESSAGE SENT  sent=9
2026-06-11 17:31:53 | INFO | P03 | {
  order_id: 0a021628-6937-4876-8875-b00c07a39e0f
  datetime: 2026-05-04T09:37:00Z
  region_id: MX-CMX
  currency_code: MXN
  product_id: PY-DATA-002
  unit_price: 49.99
  quantity: 1
  is_online: true
  customer_id: CUST-6168
  is_new_customer: false
  device_type: desktop
  payment_method: paypal
  referral_source: organic
  discount_code: 
  customer_note: 
}
2026-06-11 17:31:53 | INFO | P03 |   Sending message with key=MX-CMX
2026-06-11 17:31:53 | INFO | P03 |   MESSAGE SENT  sent=10
2026-06-11 17:31:54 | INFO | P03 | {
  order_id: b05fc600-a5fc-4826-934c-cc1f188b0715
  datetime: 2026-05-04T09:42:00Z
  region_id: US-MO
  currency_code: USD
  product_id: PY-DATA-002
  unit_price: 49.99
  quantity: 3
  is_online: true
  customer_id: CUST-3340
  is_new_customer: false
  device_type: tablet
  payment_method: credit_card
  referral_source: organic
  discount_code: 
  customer_note: Recommended by a colleague
}
2026-06-11 17:31:54 | INFO | P03 |   Sending message with key=US-MO
2026-06-11 17:31:54 | INFO | P03 |   MESSAGE SENT  sent=11
2026-06-11 17:31:55 | INFO | P03 | {
  order_id: 03d437fb-6966-47ad-a67a-728630c8b3f8
  datetime: 2026-05-04T10:06:00Z
  region_id: US-MO
  currency_code: USD
  product_id: PY-INTRO-001
  unit_price: 29.99
  quantity: 1
  is_online: true
  customer_id: CUST-8668
  is_new_customer: false
  device_type: mobile
  payment_method: apple_pay
  referral_source: email
  discount_code: 
  customer_note: 
}
2026-06-11 17:31:55 | INFO | P03 |   Sending message with key=US-MO
2026-06-11 17:31:55 | INFO | P03 |   MESSAGE SENT  sent=12
2026-06-11 17:31:55 | INFO | C04 | Topic 'streaming-04-visualization-kjleopold' exists.
2026-06-11 17:31:55 | INFO | C04 | Found 12 message(s) available.
2026-06-11 17:31:55 | INFO | C04 | Creating Kafka consumer...
2026-06-11 17:31:55 | INFO | C04 | Subscribed to topic: 'streaming-04-visualization-kjleopold' (reading from beginning)
2026-06-11 17:31:55 | INFO | C04 | ========================
2026-06-11 17:31:55 | INFO | C04 | SECTION C. Consume and Process Messages
2026-06-11 17:31:55 | INFO | C04 | ========================
2026-06-11 17:31:55 | INFO | C04 | Initializing output...
2026-06-11 17:31:55 | INFO | C04 | Output CSV cleared: consumed_sales_kjleopold.csv
2026-06-11 17:31:55 | INFO | C04 | Live chart initialized.
2026-06-11 17:31:55 | INFO | C04 | Loading enrichment reference data...
2026-06-11 17:31:55 | INFO | C04 | Found 6 region tax rates.
2026-06-11 17:31:55 | INFO | C04 | Consuming messages...
2026-06-11 17:31:55 | INFO | C04 | Waiting for up to 1000 message(s).
2026-06-11 17:31:55 | INFO | C04 | Press CTRL+C to stop early.

2026-06-11 17:31:56 | INFO | P03 | {
  order_id: 6914aea4-448f-4dc1-b68f-0fe4a2c06188
  datetime: 2026-05-04T10:15:00Z
  region_id: US-TX
  currency_code: USD
  product_id: PY-DATA-002
  unit_price: 49.99
  quantity: 1
  is_online: true
  customer_id: CUST-2827
  is_new_customer: false
  device_type: tablet
  payment_method: credit_card
  referral_source: organic
  discount_code: 
  customer_note: Learning at my own pace
}
2026-06-11 17:31:56 | INFO | P03 |   Sending message with key=US-TX
2026-06-11 17:31:56 | INFO | P03 |   MESSAGE SENT  sent=13
2026-06-11 17:31:57 | INFO | P03 | {
  order_id: e1adb233-3aa8-4d60-9684-1ddf52e9d656
  datetime: 2026-05-04T10:16:00Z
  region_id: US-MO
  currency_code: USD
  product_id: PY-STREAM-005
  unit_price: 59.99
  quantity: 5
  is_online: false
  customer_id: CUST-4295
  is_new_customer: false
  device_type: desktop
  payment_method: paypal
  referral_source: organic
  discount_code: 
  customer_note: For my study group
}
2026-06-11 17:31:57 | INFO | P03 |   Sending message with key=US-MO
2026-06-11 17:31:57 | INFO | P03 |   MESSAGE SENT  sent=14
2026-06-11 17:31:58 | INFO | P03 | {
  order_id: 80e9a9ea-9add-4d51-981a-d26aaacd4dc9
  datetime: 2026-05-04T10:30:00Z
  region_id: US-MO
  currency_code: USD
  product_id: PY-DATA-002
  unit_price: 49.99
  quantity: 1
  is_online: true
  customer_id: CUST-8953
  is_new_customer: false
  device_type: desktop
  payment_method: credit_card
  referral_source: social
  discount_code: 
  customer_note: For my study group
}
2026-06-11 17:31:58 | INFO | P03 |   Sending message with key=US-MO
2026-06-11 17:31:58 | INFO | C04 | {'currency_code': 'USD', 'customer_id': 'CUST-4150', 'customer_note': 'Gift for my team', 'datetime': '2026-05-04T08:11:00Z', 'device_type': 'tablet', 'discount_code': '', 'is_new_customer': 'false', 'is_online': 'true', 'order_id': 'e7324981-a9f0-419f-b708-d0a333451fff', 'payment_method': 'paypal', 'product_id': 'PY-STREAM-005', 'quantity': '3', 'referral_source': 'paid_search', 'region_id': 'US-TX', 'unit_price': '59.99', '_kafka_key': 'US-TX', '_kafka_partition': 0, '_kafka_offset': 0}
2026-06-11 17:31:58 | INFO | C04 | subtotal=179.97
2026-06-11 17:31:58 | INFO | C04 | tax=14.85
2026-06-11 17:31:58 | INFO | C04 | total=194.82
2026-06-11 17:31:58 | INFO | C04 | running_total=194.82
2026-06-11 17:31:58 | INFO | C04 | average_sale=$194.82
2026-06-11 17:31:58 | INFO | P03 |   MESSAGE SENT  sent=15
2026-06-11 17:31:58 | INFO | C04 | MESSAGE ACCEPTED
2026-06-11 17:31:58 | INFO | C04 | order=e7324981-a9f0-419f-b708-d0a333451fff
2026-06-11 17:31:58 | INFO | C04 | total=$194.82
2026-06-11 17:31:58 | INFO | C04 | consumed=1
2026-06-11 17:31:58 | INFO | C04 | RUNNING STATS
2026-06-11 17:31:58 | INFO | C04 | total_sales=$194.82
2026-06-11 17:31:58 | INFO | C04 | average=$194.82
2026-06-11 17:31:58 | INFO | C04 | min=$194.82
2026-06-11 17:31:58 | INFO | C04 | max=$194.82
2026-06-11 17:31:58 | INFO | C04 | {'currency_code': 'USD', 'customer_id': 'CUST-1106', 'customer_note': 'Gift for my team', 'datetime': '2026-05-04T08:23:00Z', 'device_type': 'mobile', 'discount_code': '', 'is_new_customer': 'false', 'is_online': 'true', 'order_id': 'd61943e0-f543-4b5f-9c9a-18605ea4cfe5', 'payment_method': 'paypal', 'product_id': 'PY-DATA-002', 'quantity': '1', 'referral_source': 'paid_search', 'region_id': 'US-TX', 'unit_price': '49.99', '_kafka_key': 'US-TX', '_kafka_partition': 0, '_kafka_offset': 1}
2026-06-11 17:31:58 | INFO | C04 | subtotal=49.99
2026-06-11 17:31:58 | INFO | C04 | tax=4.12
2026-06-11 17:31:58 | INFO | C04 | total=54.11
2026-06-11 17:31:58 | INFO | C04 | running_total=248.93
2026-06-11 17:31:58 | INFO | C04 | average_sale=$124.47
2026-06-11 17:31:58 | INFO | C04 | MESSAGE ACCEPTED
2026-06-11 17:31:58 | INFO | C04 | order=d61943e0-f543-4b5f-9c9a-18605ea4cfe5
2026-06-11 17:31:58 | INFO | C04 | total=$54.11
2026-06-11 17:31:58 | INFO | C04 | consumed=2
2026-06-11 17:31:58 | INFO | C04 | RUNNING STATS
2026-06-11 17:31:58 | INFO | C04 | total_sales=$248.93
2026-06-11 17:31:58 | INFO | C04 | average=$124.47
2026-06-11 17:31:58 | INFO | C04 | min=$54.11
2026-06-11 17:31:58 | INFO | C04 | max=$194.82
2026-06-11 17:31:58 | INFO | C04 | {'currency_code': 'CAD', 'customer_id': 'CUST-2133', 'customer_note': 'Learning at my own pace', 'datetime': '2026-05-04T08:28:00Z', 'device_type': 'desktop', 'discount_code': '', 'is_new_customer': 'false', 'is_online': 'true', 'order_id': '14da1915-8e74-47be-9e10-f7275d31af46', 'payment_method': 'paypal', 'product_id': 'PY-NLP-006', 'quantity': '1', 'referral_source': 'organic', 'region_id': 'CA-QC', 'unit_price': '54.99', '_kafka_key': 'CA-QC', '_kafka_partition': 0, '_kafka_offset': 2}
2026-06-11 17:31:58 | INFO | C04 | subtotal=54.99
2026-06-11 17:31:58 | INFO | C04 | tax=8.23
2026-06-11 17:31:58 | INFO | C04 | total=63.22
2026-06-11 17:31:58 | INFO | C04 | running_total=312.15
2026-06-11 17:31:58 | INFO | C04 | average_sale=$104.05
2026-06-11 17:31:58 | INFO | C04 | MESSAGE ACCEPTED
2026-06-11 17:31:58 | INFO | C04 | order=14da1915-8e74-47be-9e10-f7275d31af46
2026-06-11 17:31:58 | INFO | C04 | total=$63.22
2026-06-11 17:31:58 | INFO | C04 | consumed=3
2026-06-11 17:31:58 | INFO | C04 | RUNNING STATS
2026-06-11 17:31:58 | INFO | C04 | total_sales=$312.15
2026-06-11 17:31:58 | INFO | C04 | average=$104.05
2026-06-11 17:31:58 | INFO | C04 | min=$54.11
2026-06-11 17:31:58 | INFO | C04 | max=$194.82
2026-06-11 17:31:58 | INFO | C04 | {'currency_code': 'USD', 'customer_id': 'CUST-5333', 'customer_note': 'Highly recommend', 'datetime': '2026-05-04T08:40:00Z', 'device_type': 'mobile', 'discount_code': '', 'is_new_customer': 'false', 'is_online': 'true', 'order_id': 'd77ed935-9b28-431d-bc25-0a3fd98f4154', 'payment_method': 'paypal', 'product_id': 'PY-STREAM-005', 'quantity': '1', 'referral_source': 'organic', 'region_id': 'US-CA', 'unit_price': '59.99', '_kafka_key': 'US-CA', '_kafka_partition': 0, '_kafka_offset': 3}
2026-06-11 17:31:58 | INFO | C04 | subtotal=59.99
2026-06-11 17:31:58 | INFO | C04 | tax=5.7
2026-06-11 17:31:58 | INFO | C04 | total=65.69
2026-06-11 17:31:58 | INFO | C04 | running_total=377.84
2026-06-11 17:31:58 | INFO | C04 | average_sale=$94.46
2026-06-11 17:31:58 | INFO | C04 | MESSAGE ACCEPTED
2026-06-11 17:31:58 | INFO | C04 | order=d77ed935-9b28-431d-bc25-0a3fd98f4154
2026-06-11 17:31:58 | INFO | C04 | total=$65.69
2026-06-11 17:31:58 | INFO | C04 | consumed=4
2026-06-11 17:31:58 | INFO | C04 | RUNNING STATS
2026-06-11 17:31:58 | INFO | C04 | total_sales=$377.84
2026-06-11 17:31:58 | INFO | C04 | average=$94.46
2026-06-11 17:31:58 | INFO | C04 | min=$54.11
2026-06-11 17:31:58 | INFO | C04 | max=$194.82
2026-06-11 17:31:58 | INFO | C04 | {'currency_code': 'USD', 'customer_id': 'CUST-8573', 'customer_note': 'Learning at my own pace', 'datetime': '2026-05-04T08:41:00Z', 'device_type': 'mobile', 'discount_code': '', 'is_new_customer': 'false', 'is_online': 'true', 'order_id': '24b91995-25f8-4ad7-8fa6-2e4c15750e5e', 'payment_method': 'apple_pay', 'product_id': 'PY-VIZ-003', 'quantity': '1', 'referral_source': 'paid_search', 'region_id': 'US-MO', 'unit_price': '39.99', '_kafka_key': 'US-MO', '_kafka_partition': 0, '_kafka_offset': 4}
2026-06-11 17:31:58 | INFO | C04 | subtotal=39.99
2026-06-11 17:31:58 | INFO | C04 | tax=3.2
2026-06-11 17:31:58 | INFO | C04 | total=43.19
2026-06-11 17:31:58 | INFO | C04 | running_total=421.03
2026-06-11 17:31:58 | INFO | C04 | average_sale=$84.21
2026-06-11 17:31:58 | INFO | C04 | MESSAGE ACCEPTED
2026-06-11 17:31:58 | INFO | C04 | order=24b91995-25f8-4ad7-8fa6-2e4c15750e5e
2026-06-11 17:31:58 | INFO | C04 | total=$43.19
2026-06-11 17:31:58 | INFO | C04 | consumed=5
2026-06-11 17:31:58 | INFO | C04 | RUNNING STATS
2026-06-11 17:31:58 | INFO | C04 | total_sales=$421.03
2026-06-11 17:31:58 | INFO | C04 | average=$84.21
2026-06-11 17:31:58 | INFO | C04 | min=$43.19
2026-06-11 17:31:58 | INFO | C04 | max=$194.82
2026-06-11 17:31:58 | INFO | C04 | {'currency_code': 'CAD', 'customer_id': 'CUST-8062', 'customer_note': '', 'datetime': '2026-05-04T08:54:00Z', 'device_type': 'tablet', 'discount_code': '', 'is_new_customer': 'false', 'is_online': 'true', 'order_id': '1ec0fc8b-998c-4f43-8a66-19e1fa7d5fa8', 'payment_method': 'paypal', 'product_id': 'PY-SQL-004', 'quantity': '1', 'referral_source': 'organic', 'region_id': 'CA-ON', 'unit_price': '44.99', '_kafka_key': 'CA-ON', '_kafka_partition': 0, '_kafka_offset': 5}
2026-06-11 17:31:58 | INFO | C04 | subtotal=44.99
2026-06-11 17:31:58 | INFO | C04 | tax=5.85
2026-06-11 17:31:58 | INFO | C04 | total=50.84
2026-06-11 17:31:58 | INFO | C04 | running_total=471.87
2026-06-11 17:31:58 | INFO | C04 | average_sale=$78.64
2026-06-11 17:31:58 | INFO | C04 | MESSAGE ACCEPTED
2026-06-11 17:31:58 | INFO | C04 | order=1ec0fc8b-998c-4f43-8a66-19e1fa7d5fa8
2026-06-11 17:31:58 | INFO | C04 | total=$50.84
2026-06-11 17:31:58 | INFO | C04 | consumed=6
2026-06-11 17:31:58 | INFO | C04 | RUNNING STATS
2026-06-11 17:31:58 | INFO | C04 | total_sales=$471.87
2026-06-11 17:31:58 | INFO | C04 | average=$78.64
2026-06-11 17:31:58 | INFO | C04 | min=$43.19
2026-06-11 17:31:58 | INFO | C04 | max=$194.82
2026-06-11 17:31:58 | INFO | C04 | {'currency_code': 'CAD', 'customer_id': 'CUST-9348', 'customer_note': 'For my study group', 'datetime': '2026-05-04T09:07:00Z', 'device_type': 'desktop', 'discount_code': '', 'is_new_customer': 'false', 'is_online': 'false', 'order_id': '392dd49b-b385-499c-9b4a-a38387fa39ae', 'payment_method': 'credit_card', 'product_id': 'PY-INTRO-001', 'quantity': '1', 'referral_source': 'paid_search', 'region_id': 'CA-ON', 'unit_price': '29.99', '_kafka_key': 'CA-ON', '_kafka_partition': 0, '_kafka_offset': 6}
2026-06-11 17:31:58 | INFO | C04 | subtotal=29.99
2026-06-11 17:31:58 | INFO | C04 | tax=3.9
2026-06-11 17:31:58 | INFO | C04 | total=33.89
2026-06-11 17:31:58 | INFO | C04 | running_total=505.76
2026-06-11 17:31:58 | INFO | C04 | average_sale=$72.25
2026-06-11 17:31:58 | INFO | C04 | MESSAGE ACCEPTED
2026-06-11 17:31:58 | INFO | C04 | order=392dd49b-b385-499c-9b4a-a38387fa39ae
2026-06-11 17:31:58 | INFO | C04 | total=$33.89
2026-06-11 17:31:58 | INFO | C04 | consumed=7
2026-06-11 17:31:58 | INFO | C04 | RUNNING STATS
2026-06-11 17:31:58 | INFO | C04 | total_sales=$505.76
2026-06-11 17:31:58 | INFO | C04 | average=$72.25
2026-06-11 17:31:58 | INFO | C04 | min=$33.89
2026-06-11 17:31:58 | INFO | C04 | max=$194.82
2026-06-11 17:31:58 | INFO | C04 | {'currency_code': 'USD', 'customer_id': 'CUST-5889', 'customer_note': '', 'datetime': '2026-05-04T09:15:00Z', 'device_type': 'tablet', 'discount_code': '', 'is_new_customer': 'false', 'is_online': 'true', 'order_id': '02782ab7-dd7d-4ebe-8abc-ef81cdc4193b', 'payment_method': 'paypal', 'product_id': 'PY-VIZ-003', 'quantity': '1', 'referral_source': 'organic', 'region_id': 'US-CA', 'unit_price': '39.99', '_kafka_key': 'US-CA', '_kafka_partition': 0, '_kafka_offset': 7}
2026-06-11 17:31:58 | INFO | C04 | subtotal=39.99
2026-06-11 17:31:58 | INFO | C04 | tax=3.8
2026-06-11 17:31:58 | INFO | C04 | total=43.79
2026-06-11 17:31:58 | INFO | C04 | running_total=549.55
2026-06-11 17:31:58 | INFO | C04 | average_sale=$68.69
2026-06-11 17:31:59 | INFO | C04 | MESSAGE ACCEPTED
2026-06-11 17:31:59 | INFO | C04 | order=02782ab7-dd7d-4ebe-8abc-ef81cdc4193b
2026-06-11 17:31:59 | INFO | C04 | total=$43.79
2026-06-11 17:31:59 | INFO | C04 | consumed=8
2026-06-11 17:31:59 | INFO | C04 | RUNNING STATS
2026-06-11 17:31:59 | INFO | C04 | total_sales=$549.55
2026-06-11 17:31:59 | INFO | C04 | average=$68.69
2026-06-11 17:31:59 | INFO | C04 | min=$33.89
2026-06-11 17:31:59 | INFO | C04 | max=$194.82
2026-06-11 17:31:59 | INFO | C04 | {'currency_code': 'CAD', 'customer_id': 'CUST-4770', 'customer_note': 'Excellent content', 'datetime': '2026-05-04T09:19:00Z', 'device_type': 'desktop', 'discount_code': '', 'is_new_customer': 'false', 'is_online': 'true', 'order_id': '67bd3492-cc96-429a-9a91-1b4d2132d261', 'payment_method': 'credit_card', 'product_id': 'PY-VIZ-003', 'quantity': '1', 'referral_source': 'paid_search', 'region_id': 'CA-ON', 'unit_price': '39.99', '_kafka_key': 'CA-ON', '_kafka_partition': 0, '_kafka_offset': 8}
2026-06-11 17:31:59 | INFO | C04 | subtotal=39.99
2026-06-11 17:31:59 | INFO | C04 | tax=5.2
2026-06-11 17:31:59 | INFO | C04 | total=45.19
2026-06-11 17:31:59 | INFO | C04 | running_total=594.74
2026-06-11 17:31:59 | INFO | C04 | average_sale=$66.08
2026-06-11 17:31:59 | INFO | C04 | MESSAGE ACCEPTED
2026-06-11 17:31:59 | INFO | C04 | order=67bd3492-cc96-429a-9a91-1b4d2132d261
2026-06-11 17:31:59 | INFO | C04 | total=$45.19
2026-06-11 17:31:59 | INFO | C04 | consumed=9
2026-06-11 17:31:59 | INFO | C04 | RUNNING STATS
2026-06-11 17:31:59 | INFO | C04 | total_sales=$594.74
2026-06-11 17:31:59 | INFO | C04 | average=$66.08
2026-06-11 17:31:59 | INFO | C04 | min=$33.89
2026-06-11 17:31:59 | INFO | C04 | max=$194.82
2026-06-11 17:31:59 | INFO | C04 | {'currency_code': 'MXN', 'customer_id': 'CUST-6168', 'customer_note': '', 'datetime': '2026-05-04T09:37:00Z', 'device_type': 'desktop', 'discount_code': '', 'is_new_customer': 'false', 'is_online': 'true', 'order_id': '0a021628-6937-4876-8875-b00c07a39e0f', 'payment_method': 'paypal', 'product_id': 'PY-DATA-002', 'quantity': '1', 'referral_source': 'organic', 'region_id': 'MX-CMX', 'unit_price': '49.99', '_kafka_key': 'MX-CMX', '_kafka_partition': 0, '_kafka_offset': 9}
2026-06-11 17:31:59 | INFO | C04 | subtotal=49.99
2026-06-11 17:31:59 | INFO | C04 | tax=8.0
2026-06-11 17:31:59 | INFO | C04 | total=57.99
2026-06-11 17:31:59 | INFO | C04 | running_total=652.73
2026-06-11 17:31:59 | INFO | C04 | average_sale=$65.27
2026-06-11 17:31:59 | INFO | C04 | MESSAGE ACCEPTED
2026-06-11 17:31:59 | INFO | C04 | order=0a021628-6937-4876-8875-b00c07a39e0f
2026-06-11 17:31:59 | INFO | C04 | total=$57.99
2026-06-11 17:31:59 | INFO | C04 | consumed=10
2026-06-11 17:31:59 | INFO | C04 | RUNNING STATS
2026-06-11 17:31:59 | INFO | C04 | total_sales=$652.73
2026-06-11 17:31:59 | INFO | C04 | average=$65.27
2026-06-11 17:31:59 | INFO | C04 | min=$33.89
2026-06-11 17:31:59 | INFO | C04 | max=$194.82
2026-06-11 17:31:59 | INFO | C04 | {'currency_code': 'USD', 'customer_id': 'CUST-3340', 'customer_note': 'Recommended by a colleague', 'datetime': '2026-05-04T09:42:00Z', 'device_type': 'tablet', 'discount_code': '', 'is_new_customer': 'false', 'is_online': 'true', 'order_id': 'b05fc600-a5fc-4826-934c-cc1f188b0715', 'payment_method': 'credit_card', 'product_id': 'PY-DATA-002', 'quantity': '3', 'referral_source': 'organic', 'region_id': 'US-MO', 'unit_price': '49.99', '_kafka_key': 'US-MO', '_kafka_partition': 0, '_kafka_offset': 10}
2026-06-11 17:31:59 | INFO | C04 | subtotal=149.97
2026-06-11 17:31:59 | INFO | C04 | tax=12.0
2026-06-11 17:31:59 | INFO | C04 | total=161.97
2026-06-11 17:31:59 | INFO | C04 | running_total=814.70
2026-06-11 17:31:59 | INFO | C04 | average_sale=$74.06
2026-06-11 17:31:59 | INFO | P03 | Checking for rejected records...
2026-06-11 17:31:59 | INFO | P03 |   No records rejected.
2026-06-11 17:31:59 | INFO | P03 | ========================
2026-06-11 17:31:59 | INFO | P03 | SECTION E. Exit
2026-06-11 17:31:59 | INFO | P03 | ========================
2026-06-11 17:31:59 | INFO | P03 | Summary:
2026-06-11 17:31:59 | INFO | P03 | Sent 15 message(s) to topic 'streaming-04-visualization-kjleopold'.
2026-06-11 17:31:59 | INFO | P03 | Rejected 0 message(s).
2026-06-11 17:31:59 | INFO | P03 | ========================
2026-06-11 17:31:59 | INFO | P03 | Producer executed successfully!
2026-06-11 17:31:59 | INFO | P03 | ========================
2026-06-11 17:31:59 | INFO | C04 | MESSAGE ACCEPTED
2026-06-11 17:31:59 | INFO | C04 | order=b05fc600-a5fc-4826-934c-cc1f188b0715
2026-06-11 17:31:59 | INFO | C04 | total=$161.97
2026-06-11 17:31:59 | INFO | C04 | consumed=11
2026-06-11 17:31:59 | INFO | C04 | RUNNING STATS
2026-06-11 17:31:59 | INFO | C04 | total_sales=$814.70
2026-06-11 17:31:59 | INFO | C04 | average=$74.06
2026-06-11 17:31:59 | INFO | C04 | min=$33.89
2026-06-11 17:31:59 | INFO | C04 | max=$194.82
2026-06-11 17:31:59 | INFO | C04 | {'currency_code': 'USD', 'customer_id': 'CUST-8668', 'customer_note': '', 'datetime': '2026-05-04T10:06:00Z', 'device_type': 'mobile', 'discount_code': '', 'is_new_customer': 'false', 'is_online': 'true', 'order_id': '03d437fb-6966-47ad-a67a-728630c8b3f8', 'payment_method': 'apple_pay', 'product_id': 'PY-INTRO-001', 'quantity': '1', 'referral_source': 'email', 'region_id': 'US-MO', 'unit_price': '29.99', '_kafka_key': 'US-MO', '_kafka_partition': 0, '_kafka_offset': 11}
2026-06-11 17:31:59 | INFO | C04 | subtotal=29.99
2026-06-11 17:31:59 | INFO | C04 | tax=2.4
2026-06-11 17:31:59 | INFO | C04 | total=32.39
2026-06-11 17:31:59 | INFO | C04 | running_total=847.09
2026-06-11 17:31:59 | INFO | C04 | average_sale=$70.59
2026-06-11 17:31:59 | INFO | C04 | MESSAGE ACCEPTED
2026-06-11 17:31:59 | INFO | C04 | order=03d437fb-6966-47ad-a67a-728630c8b3f8
2026-06-11 17:31:59 | INFO | C04 | total=$32.39
2026-06-11 17:31:59 | INFO | C04 | consumed=12
2026-06-11 17:31:59 | INFO | C04 | RUNNING STATS
2026-06-11 17:31:59 | INFO | C04 | total_sales=$847.09
2026-06-11 17:31:59 | INFO | C04 | average=$70.59
2026-06-11 17:31:59 | INFO | C04 | min=$32.39
2026-06-11 17:31:59 | INFO | C04 | max=$194.82
2026-06-11 17:31:59 | INFO | C04 | {'currency_code': 'USD', 'customer_id': 'CUST-2827', 'customer_note': 'Learning at my own pace', 'datetime': '2026-05-04T10:15:00Z', 'device_type': 'tablet', 'discount_code': '', 'is_new_customer': 'false', 'is_online': 'true', 'order_id': '6914aea4-448f-4dc1-b68f-0fe4a2c06188', 'payment_method': 'credit_card', 'product_id': 'PY-DATA-002', 'quantity': '1', 'referral_source': 'organic', 'region_id': 'US-TX', 'unit_price': '49.99', '_kafka_key': 'US-TX', '_kafka_partition': 0, '_kafka_offset': 12}
2026-06-11 17:31:59 | INFO | C04 | subtotal=49.99
2026-06-11 17:31:59 | INFO | C04 | tax=4.12
2026-06-11 17:31:59 | INFO | C04 | total=54.11
2026-06-11 17:31:59 | INFO | C04 | running_total=901.20
2026-06-11 17:31:59 | INFO | C04 | average_sale=$69.32
2026-06-11 17:31:59 | INFO | C04 | MESSAGE ACCEPTED
2026-06-11 17:31:59 | INFO | C04 | order=6914aea4-448f-4dc1-b68f-0fe4a2c06188
2026-06-11 17:31:59 | INFO | C04 | total=$54.11
2026-06-11 17:31:59 | INFO | C04 | consumed=13
2026-06-11 17:31:59 | INFO | C04 | RUNNING STATS
2026-06-11 17:31:59 | INFO | C04 | total_sales=$901.20
2026-06-11 17:31:59 | INFO | C04 | average=$69.32
2026-06-11 17:31:59 | INFO | C04 | min=$32.39
2026-06-11 17:31:59 | INFO | C04 | max=$194.82
2026-06-11 17:31:59 | INFO | C04 | {'currency_code': 'USD', 'customer_id': 'CUST-4295', 'customer_note': 'For my study group', 'datetime': '2026-05-04T10:16:00Z', 'device_type': 'desktop', 'discount_code': '', 'is_new_customer': 'false', 'is_online': 'false', 'order_id': 'e1adb233-3aa8-4d60-9684-1ddf52e9d656', 'payment_method': 'paypal', 'product_id': 'PY-STREAM-005', 'quantity': '5', 'referral_source': 'organic', 'region_id': 'US-MO', 'unit_price': '59.99', '_kafka_key': 'US-MO', '_kafka_partition': 0, '_kafka_offset': 13}
2026-06-11 17:31:59 | INFO | C04 | subtotal=299.95
2026-06-11 17:31:59 | INFO | C04 | tax=24.0
2026-06-11 17:31:59 | INFO | C04 | total=323.95
2026-06-11 17:31:59 | INFO | C04 | running_total=1225.15
2026-06-11 17:31:59 | INFO | C04 | average_sale=$87.51
2026-06-11 17:31:59 | INFO | C04 | MESSAGE ACCEPTED
2026-06-11 17:31:59 | INFO | C04 | order=e1adb233-3aa8-4d60-9684-1ddf52e9d656
2026-06-11 17:31:59 | INFO | C04 | total=$323.95
2026-06-11 17:31:59 | INFO | C04 | consumed=14
2026-06-11 17:31:59 | INFO | C04 | RUNNING STATS
2026-06-11 17:31:59 | INFO | C04 | total_sales=$1,225.15
2026-06-11 17:31:59 | INFO | C04 | average=$87.51
2026-06-11 17:31:59 | INFO | C04 | min=$32.39
2026-06-11 17:31:59 | INFO | C04 | max=$323.95
2026-06-11 17:31:59 | INFO | C04 | {'currency_code': 'USD', 'customer_id': 'CUST-8953', 'customer_note': 'For my study group', 'datetime': '2026-05-04T10:30:00Z', 'device_type': 'desktop', 'discount_code': '', 'is_new_customer': 'false', 'is_online': 'true', 'order_id': '80e9a9ea-9add-4d51-981a-d26aaacd4dc9', 'payment_method': 'credit_card', 'product_id': 'PY-DATA-002', 'quantity': '1', 'referral_source': 'social', 'region_id': 'US-MO', 'unit_price': '49.99', '_kafka_key': 'US-MO', '_kafka_partition': 0, '_kafka_offset': 14}
2026-06-11 17:31:59 | INFO | C04 | subtotal=49.99
2026-06-11 17:31:59 | INFO | C04 | tax=4.0
2026-06-11 17:31:59 | INFO | C04 | total=53.99
2026-06-11 17:31:59 | INFO | C04 | running_total=1279.14
2026-06-11 17:31:59 | INFO | C04 | average_sale=$85.28
2026-06-11 17:31:59 | INFO | C04 | MESSAGE ACCEPTED
2026-06-11 17:31:59 | INFO | C04 | order=80e9a9ea-9add-4d51-981a-d26aaacd4dc9
2026-06-11 17:31:59 | INFO | C04 | total=$53.99
2026-06-11 17:31:59 | INFO | C04 | consumed=15
2026-06-11 17:31:59 | INFO | C04 | RUNNING STATS
2026-06-11 17:31:59 | INFO | C04 | total_sales=$1,279.14
2026-06-11 17:31:59 | INFO | C04 | average=$85.28
2026-06-11 17:31:59 | INFO | C04 | min=$32.39
2026-06-11 17:31:59 | INFO | C04 | max=$323.95
2026-06-11 17:32:09 | INFO | C04 | No message received within 10.0s timeout.
2026-06-11 17:32:09 | INFO | C04 | Producer finished or paused. Stopping consumer.
2026-06-11 17:32:09 | INFO | C04 | Kafka consumer closed.
2026-06-11 17:32:09 | INFO | C04 | Saving artifacts...
2026-06-11 17:32:09 | INFO | C04 | WROTE OUTPUT_CHART = data\output\sales_chart_kjleopold.png
2026-06-11 17:32:09 | INFO | C04 | WROTE OUTPUT_CSV = data\output\consumed_sales_kjleopold.csv
2026-06-11 17:32:09 | INFO | C04 | Live chart closed.
2026-06-11 17:32:09 | INFO | C04 | ========================
2026-06-11 17:32:09 | INFO | C04 | SECTION E. Exit
2026-06-11 17:32:09 | INFO | C04 | ========================
2026-06-11 17:32:09 | INFO | C04 | Summary:
2026-06-11 17:32:09 | INFO | C04 | Consumed 15 message(s) from topic 'streaming-04-visualization-kjleopold'.
2026-06-11 17:32:09 | INFO | C04 | Skipped  0 message(s).
2026-06-11 17:32:09 | INFO | C04 | OUTPUT_CSV = data\output\consumed_sales_kjleopold.csv
2026-06-11 17:32:09 | INFO | C04 | OUTPUT_CHART = data\output\sales_chart_kjleopold.png
2026-06-11 17:32:09 | INFO | C04 |   Total sales:  $1,279.14
2026-06-11 17:32:09 | INFO | C04 |   Average sale: $85.28
2026-06-11 17:32:09 | INFO | C04 |   Minimum sale: $32.39
2026-06-11 17:32:09 | INFO | C04 |   Maximum sale: $323.95
2026-06-11 17:32:09 | INFO | C04 | ========================
2026-06-11 17:32:09 | INFO | C04 | Consumer executed successfully!
2026-06-11 17:32:09 | INFO | C04 | ========================
2026-06-11 17:34:21 | DEBUG | P03 | KAFKA_BOOTSTRAP_SERVERS           = localhost:9092
2026-06-11 17:34:21 | DEBUG | P03 | KAFKA_BROKER_ADDRESS_FAMILY       = v6
2026-06-11 17:34:21 | DEBUG | P03 | KAFKA_TOPIC                       = streaming-04-visualization-kjleopold
2026-06-11 17:34:21 | DEBUG | P03 | KAFKA_CLEAR_TOPIC_ON_START        = true
2026-06-11 17:34:21 | DEBUG | P03 | PRODUCER_MESSAGE_COUNT            = 15
2026-06-11 17:34:21 | DEBUG | P03 | PRODUCER_MESSAGE_INTERVAL_SECONDS = 1
2026-06-11 17:34:21 | DEBUG | P03 | PRODUCER_MAX_MESSAGES             = 200
2026-06-11 17:34:21 | DEBUG | P03 | PRODUCER_POLL_INTERVAL_SECONDS    = 15
2026-06-11 17:34:21 | DEBUG | P03 | KAFKA_GROUP_ID                    = streaming-consumer-group-A
2026-06-11 17:34:21 | DEBUG | P03 | KAFKA_AUTO_OFFSET_RESET           = earliest
2026-06-11 17:34:21 | DEBUG | P03 | CONSUMER_TIMEOUT_SECONDS          = 10
2026-06-11 17:34:21 | DEBUG | P03 | CONSUMER_MAX_MESSAGES             = 1000
2026-06-11 17:34:21 | INFO | P03 | === RUN START ===
2026-06-11 17:34:21 | INFO | P03 | project=P03
2026-06-11 17:34:21 | INFO | P03 | repo_dir=streaming-04-visualization
2026-06-11 17:34:21 | INFO | P03 | python=3.14.5
2026-06-11 17:34:21 | INFO | P03 | os=Windows 11
2026-06-11 17:34:21 | INFO | P03 | shell=powershell
2026-06-11 17:34:21 | INFO | P03 | cwd=.
2026-06-11 17:34:21 | INFO | P03 | github_actions=False
2026-06-11 17:34:21 | INFO | P03 | ========================
2026-06-11 17:34:21 | INFO | P03 | START producer main()
2026-06-11 17:34:21 | INFO | P03 | ========================
2026-06-11 17:34:21 | INFO | P03 | ROOT_DIR = .
2026-06-11 17:34:21 | INFO | P03 | DATA_DIR = data
2026-06-11 17:34:21 | INFO | P03 | SALES_CSV = data\sales.csv
2026-06-11 17:34:21 | INFO | P03 | REGIONS_CSV = data\regions.csv
2026-06-11 17:34:21 | INFO | P03 | PRODUCTS_CSV = data\products.csv
2026-06-11 17:34:21 | INFO | P03 | REJECTED_SALES_CSV = data\output\producer_rejected_sales.csv
2026-06-11 17:34:21 | INFO | P03 | ========================
2026-06-11 17:34:21 | INFO | P03 | SECTION A. Acquire
2026-06-11 17:34:21 | INFO | P03 | ========================
2026-06-11 17:34:21 | INFO | P03 | Loading settings from .env...
2026-06-11 17:34:21 | INFO | P03 | KAFKA_BOOTSTRAP_SERVERS           = localhost:9092
2026-06-11 17:34:21 | INFO | P03 | KAFKA_TOPIC                       = streaming-04-visualization-kjleopold
2026-06-11 17:34:21 | INFO | P03 | PRODUCER_MESSAGE_COUNT            = 15
2026-06-11 17:34:21 | INFO | P03 | PRODUCER_MESSAGE_INTERVAL_SECONDS = 1.0
2026-06-11 17:34:21 | INFO | P03 | KAFKA_CLEAR_TOPIC_ON_START        = True
2026-06-11 17:34:21 | INFO | P03 | Verifying Kafka connection...
2026-06-11 17:34:21 | INFO | P03 | Kafka port is reachable.
2026-06-11 17:34:22 | INFO | P03 | Loading validation reference data...
2026-06-11 17:34:22 | INFO | P03 | Found 6 valid regions, 6 valid products.
2026-06-11 17:34:22 | INFO | P03 | ========================
2026-06-11 17:34:22 | INFO | P03 | SECTION P. Produce Messages
2026-06-11 17:34:22 | INFO | P03 | ========================
2026-06-11 17:34:22 | INFO | P03 | Initializing output...
2026-06-11 17:34:22 | INFO | P03 | Output directory ready: output
2026-06-11 17:34:22 | INFO | P03 | Sending messages...
2026-06-11 17:34:22 | INFO | P03 | Sending up to 15 message(s) to topic 'streaming-04-visualization-kjleopold'.
2026-06-11 17:34:22 | INFO | P03 | Watch each sale arrive. Press CTRL+C to stop early.

2026-06-11 17:34:22 | INFO | P03 | {
  order_id: e7324981-a9f0-419f-b708-d0a333451fff
  datetime: 2026-05-04T08:11:00Z
  region_id: US-TX
  currency_code: USD
  product_id: PY-STREAM-005
  unit_price: 59.99
  quantity: 3
  is_online: true
  customer_id: CUST-4150
  is_new_customer: false
  device_type: tablet
  payment_method: paypal
  referral_source: paid_search
  discount_code: 
  customer_note: Gift for my team
}
2026-06-11 17:34:22 | INFO | P03 |   Sending message with key=US-TX
2026-06-11 17:34:22 | INFO | P03 |   MESSAGE SENT  sent=1
2026-06-11 17:34:23 | INFO | P03 | {
  order_id: d61943e0-f543-4b5f-9c9a-18605ea4cfe5
  datetime: 2026-05-04T08:23:00Z
  region_id: US-TX
  currency_code: USD
  product_id: PY-DATA-002
  unit_price: 49.99
  quantity: 1
  is_online: true
  customer_id: CUST-1106
  is_new_customer: false
  device_type: mobile
  payment_method: paypal
  referral_source: paid_search
  discount_code: 
  customer_note: Gift for my team
}
2026-06-11 17:34:23 | INFO | P03 |   Sending message with key=US-TX
2026-06-11 17:34:23 | INFO | P03 |   MESSAGE SENT  sent=2
2026-06-11 17:34:24 | INFO | P03 | {
  order_id: 14da1915-8e74-47be-9e10-f7275d31af46
  datetime: 2026-05-04T08:28:00Z
  region_id: CA-QC
  currency_code: CAD
  product_id: PY-NLP-006
  unit_price: 54.99
  quantity: 1
  is_online: true
  customer_id: CUST-2133
  is_new_customer: false
  device_type: desktop
  payment_method: paypal
  referral_source: organic
  discount_code: 
  customer_note: Learning at my own pace
}
2026-06-11 17:34:24 | INFO | P03 |   Sending message with key=CA-QC
2026-06-11 17:34:24 | INFO | P03 |   MESSAGE SENT  sent=3
2026-06-11 17:34:25 | DEBUG | C04 | KAFKA_BOOTSTRAP_SERVERS           = localhost:9092
2026-06-11 17:34:25 | DEBUG | C04 | KAFKA_BROKER_ADDRESS_FAMILY       = v6
2026-06-11 17:34:25 | DEBUG | C04 | KAFKA_TOPIC                       = streaming-04-visualization-kjleopold
2026-06-11 17:34:25 | DEBUG | C04 | KAFKA_CLEAR_TOPIC_ON_START        = true
2026-06-11 17:34:25 | DEBUG | C04 | PRODUCER_MESSAGE_COUNT            = 15
2026-06-11 17:34:25 | DEBUG | C04 | PRODUCER_MESSAGE_INTERVAL_SECONDS = 1
2026-06-11 17:34:25 | DEBUG | C04 | PRODUCER_MAX_MESSAGES             = 200
2026-06-11 17:34:25 | DEBUG | C04 | PRODUCER_POLL_INTERVAL_SECONDS    = 15
2026-06-11 17:34:25 | DEBUG | C04 | KAFKA_GROUP_ID                    = streaming-consumer-group-A
2026-06-11 17:34:25 | DEBUG | C04 | KAFKA_AUTO_OFFSET_RESET           = earliest
2026-06-11 17:34:25 | DEBUG | C04 | CONSUMER_TIMEOUT_SECONDS          = 10
2026-06-11 17:34:25 | DEBUG | C04 | CONSUMER_MAX_MESSAGES             = 1000
2026-06-11 17:34:25 | INFO | C04 | === RUN START ===
2026-06-11 17:34:25 | INFO | C04 | project=C04
2026-06-11 17:34:25 | INFO | C04 | repo_dir=streaming-04-visualization
2026-06-11 17:34:25 | INFO | C04 | python=3.14.5
2026-06-11 17:34:25 | INFO | C04 | os=Windows 11
2026-06-11 17:34:25 | INFO | C04 | shell=powershell
2026-06-11 17:34:25 | INFO | C04 | cwd=.
2026-06-11 17:34:25 | INFO | C04 | github_actions=False
2026-06-11 17:34:25 | INFO | C04 | ========================
2026-06-11 17:34:25 | INFO | C04 | START consumer main()
2026-06-11 17:34:25 | INFO | C04 | ========================
2026-06-11 17:34:25 | INFO | C04 | ROOT_DIR = .
2026-06-11 17:34:25 | INFO | C04 | DATA_DIR = data
2026-06-11 17:34:25 | INFO | C04 | OUTPUT_CSV = data\output\consumed_sales_kjleopold.csv
2026-06-11 17:34:25 | INFO | C04 | OUTPUT_CHART = data\output\sales_chart_kjleopold.png
2026-06-11 17:34:25 | INFO | C04 | REGIONS_CSV = data\regions.csv
2026-06-11 17:34:25 | INFO | C04 | PRODUCTS_CSV = data\products.csv
2026-06-11 17:34:25 | INFO | C04 | CURRENCIES_CSV = data\currencies.csv
2026-06-11 17:34:25 | INFO | C04 | DISCOUNT_CODES_CSV = data\discount_codes.csv
2026-06-11 17:34:25 | INFO | C04 | ========================
2026-06-11 17:34:25 | INFO | C04 | SECTION A. Acquire
2026-06-11 17:34:25 | INFO | C04 | ========================
2026-06-11 17:34:25 | INFO | C04 | Loading settings from .env...
2026-06-11 17:34:25 | INFO | C04 | KAFKA_BOOTSTRAP_SERVERS  = localhost:9092
2026-06-11 17:34:25 | INFO | C04 | KAFKA_TOPIC              = streaming-04-visualization-kjleopold
2026-06-11 17:34:25 | INFO | C04 | KAFKA_GROUP_ID           = streaming-consumer-group-A
2026-06-11 17:34:25 | INFO | C04 | CONSUMER_TIMEOUT_SECONDS = 10.0
2026-06-11 17:34:25 | INFO | C04 | CONSUMER_MAX_MESSAGES    = 1000
2026-06-11 17:34:25 | INFO | C04 | Verifying Kafka connection...
2026-06-11 17:34:25 | INFO | C04 | Kafka port is reachable.
2026-06-11 17:34:25 | INFO | C04 | Verifying Kafka topic...
2026-06-11 17:34:25 | INFO | P03 | {
  order_id: d77ed935-9b28-431d-bc25-0a3fd98f4154
  datetime: 2026-05-04T08:40:00Z
  region_id: US-CA
  currency_code: USD
  product_id: PY-STREAM-005
  unit_price: 59.99
  quantity: 1
  is_online: true
  customer_id: CUST-5333
  is_new_customer: false
  device_type: mobile
  payment_method: paypal
  referral_source: organic
  discount_code: 
  customer_note: Highly recommend
}
2026-06-11 17:34:25 | INFO | P03 |   Sending message with key=US-CA
2026-06-11 17:34:25 | INFO | P03 |   MESSAGE SENT  sent=4
2026-06-11 17:34:26 | INFO | P03 | {
  order_id: 24b91995-25f8-4ad7-8fa6-2e4c15750e5e
  datetime: 2026-05-04T08:41:00Z
  region_id: US-MO
  currency_code: USD
  product_id: PY-VIZ-003
  unit_price: 39.99
  quantity: 1
  is_online: true
  customer_id: CUST-8573
  is_new_customer: false
  device_type: mobile
  payment_method: apple_pay
  referral_source: paid_search
  discount_code: 
  customer_note: Learning at my own pace
}
2026-06-11 17:34:26 | INFO | P03 |   Sending message with key=US-MO
2026-06-11 17:34:26 | INFO | P03 |   MESSAGE SENT  sent=5
2026-06-11 17:34:27 | INFO | C04 | Topic 'streaming-04-visualization-kjleopold' exists.
2026-06-11 17:34:27 | INFO | C04 | Found 5 message(s) available.
2026-06-11 17:34:27 | INFO | C04 | Creating Kafka consumer...
2026-06-11 17:34:27 | INFO | C04 | Subscribed to topic: 'streaming-04-visualization-kjleopold' (reading from beginning)
2026-06-11 17:34:27 | INFO | C04 | ========================
2026-06-11 17:34:27 | INFO | C04 | SECTION C. Consume and Process Messages
2026-06-11 17:34:27 | INFO | C04 | ========================
2026-06-11 17:34:27 | INFO | C04 | Initializing output...
2026-06-11 17:34:27 | INFO | C04 | Output CSV cleared: consumed_sales_kjleopold.csv
2026-06-11 17:34:27 | INFO | P03 | {
  order_id: 1ec0fc8b-998c-4f43-8a66-19e1fa7d5fa8
  datetime: 2026-05-04T08:54:00Z
  region_id: CA-ON
  currency_code: CAD
  product_id: PY-SQL-004
  unit_price: 44.99
  quantity: 1
  is_online: true
  customer_id: CUST-8062
  is_new_customer: false
  device_type: tablet
  payment_method: paypal
  referral_source: organic
  discount_code: 
  customer_note: 
}
2026-06-11 17:34:27 | INFO | P03 |   Sending message with key=CA-ON
2026-06-11 17:34:27 | INFO | P03 |   MESSAGE SENT  sent=6
2026-06-11 17:34:27 | INFO | C04 | Live chart initialized.
2026-06-11 17:34:27 | INFO | C04 | Loading enrichment reference data...
2026-06-11 17:34:27 | INFO | C04 | Found 6 region tax rates.
2026-06-11 17:34:27 | INFO | C04 | Consuming messages...
2026-06-11 17:34:27 | INFO | C04 | Waiting for up to 1000 message(s).
2026-06-11 17:34:27 | INFO | C04 | Press CTRL+C to stop early.

2026-06-11 17:34:28 | INFO | P03 | {
  order_id: 392dd49b-b385-499c-9b4a-a38387fa39ae
  datetime: 2026-05-04T09:07:00Z
  region_id: CA-ON
  currency_code: CAD
  product_id: PY-INTRO-001
  unit_price: 29.99
  quantity: 1
  is_online: false
  customer_id: CUST-9348
  is_new_customer: false
  device_type: desktop
  payment_method: credit_card
  referral_source: paid_search
  discount_code: 
  customer_note: For my study group
}
2026-06-11 17:34:28 | INFO | P03 |   Sending message with key=CA-ON
2026-06-11 17:34:28 | INFO | P03 |   MESSAGE SENT  sent=7
2026-06-11 17:34:29 | INFO | P03 | {
  order_id: 02782ab7-dd7d-4ebe-8abc-ef81cdc4193b
  datetime: 2026-05-04T09:15:00Z
  region_id: US-CA
  currency_code: USD
  product_id: PY-VIZ-003
  unit_price: 39.99
  quantity: 1
  is_online: true
  customer_id: CUST-5889
  is_new_customer: false
  device_type: tablet
  payment_method: paypal
  referral_source: organic
  discount_code: 
  customer_note: 
}
2026-06-11 17:34:29 | INFO | P03 |   Sending message with key=US-CA
2026-06-11 17:34:29 | INFO | P03 |   MESSAGE SENT  sent=8
2026-06-11 17:34:30 | INFO | C04 | {'currency_code': 'USD', 'customer_id': 'CUST-4150', 'customer_note': 'Gift for my team', 'datetime': '2026-05-04T08:11:00Z', 'device_type': 'tablet', 'discount_code': '', 'is_new_customer': 'false', 'is_online': 'true', 'order_id': 'e7324981-a9f0-419f-b708-d0a333451fff', 'payment_method': 'paypal', 'product_id': 'PY-STREAM-005', 'quantity': '3', 'referral_source': 'paid_search', 'region_id': 'US-TX', 'unit_price': '59.99', '_kafka_key': 'US-TX', '_kafka_partition': 0, '_kafka_offset': 0}
2026-06-11 17:34:30 | INFO | C04 | subtotal=179.97
2026-06-11 17:34:30 | INFO | C04 | tax=14.85
2026-06-11 17:34:30 | INFO | C04 | total=194.82
2026-06-11 17:34:30 | INFO | C04 | running_total=194.82
2026-06-11 17:34:30 | INFO | P03 | {
  order_id: 67bd3492-cc96-429a-9a91-1b4d2132d261
  datetime: 2026-05-04T09:19:00Z
  region_id: CA-ON
  currency_code: CAD
  product_id: PY-VIZ-003
  unit_price: 39.99
  quantity: 1
  is_online: true
  customer_id: CUST-4770
  is_new_customer: false
  device_type: desktop
  payment_method: credit_card
  referral_source: paid_search
  discount_code: 
  customer_note: Excellent content
}
2026-06-11 17:34:30 | INFO | P03 |   Sending message with key=CA-ON
2026-06-11 17:34:30 | INFO | C04 | MESSAGE ACCEPTED
2026-06-11 17:34:30 | INFO | C04 | order=e7324981-a9f0-419f-b708-d0a333451fff
2026-06-11 17:34:30 | INFO | C04 | total=$194.82
2026-06-11 17:34:30 | INFO | C04 | consumed=1
2026-06-11 17:34:30 | INFO | C04 | RUNNING STATS
2026-06-11 17:34:30 | INFO | C04 | total_sales=$194.82
2026-06-11 17:34:30 | INFO | C04 | average=$194.82
2026-06-11 17:34:30 | INFO | C04 | min=$194.82
2026-06-11 17:34:30 | INFO | C04 | max=$194.82
2026-06-11 17:34:30 | INFO | C04 | {'currency_code': 'USD', 'customer_id': 'CUST-1106', 'customer_note': 'Gift for my team', 'datetime': '2026-05-04T08:23:00Z', 'device_type': 'mobile', 'discount_code': '', 'is_new_customer': 'false', 'is_online': 'true', 'order_id': 'd61943e0-f543-4b5f-9c9a-18605ea4cfe5', 'payment_method': 'paypal', 'product_id': 'PY-DATA-002', 'quantity': '1', 'referral_source': 'paid_search', 'region_id': 'US-TX', 'unit_price': '49.99', '_kafka_key': 'US-TX', '_kafka_partition': 0, '_kafka_offset': 1}
2026-06-11 17:34:30 | INFO | C04 | subtotal=49.99
2026-06-11 17:34:30 | INFO | C04 | tax=4.12
2026-06-11 17:34:30 | INFO | C04 | total=54.11
2026-06-11 17:34:30 | INFO | C04 | running_total=248.93
2026-06-11 17:34:30 | INFO | P03 |   MESSAGE SENT  sent=9
2026-06-11 17:34:30 | INFO | C04 | MESSAGE ACCEPTED
2026-06-11 17:34:30 | INFO | C04 | order=d61943e0-f543-4b5f-9c9a-18605ea4cfe5
2026-06-11 17:34:30 | INFO | C04 | total=$54.11
2026-06-11 17:34:30 | INFO | C04 | consumed=2
2026-06-11 17:34:30 | INFO | C04 | RUNNING STATS
2026-06-11 17:34:30 | INFO | C04 | total_sales=$248.93
2026-06-11 17:34:30 | INFO | C04 | average=$124.47
2026-06-11 17:34:30 | INFO | C04 | min=$54.11
2026-06-11 17:34:30 | INFO | C04 | max=$194.82
2026-06-11 17:34:30 | INFO | C04 | {'currency_code': 'CAD', 'customer_id': 'CUST-2133', 'customer_note': 'Learning at my own pace', 'datetime': '2026-05-04T08:28:00Z', 'device_type': 'desktop', 'discount_code': '', 'is_new_customer': 'false', 'is_online': 'true', 'order_id': '14da1915-8e74-47be-9e10-f7275d31af46', 'payment_method': 'paypal', 'product_id': 'PY-NLP-006', 'quantity': '1', 'referral_source': 'organic', 'region_id': 'CA-QC', 'unit_price': '54.99', '_kafka_key': 'CA-QC', '_kafka_partition': 0, '_kafka_offset': 2}
2026-06-11 17:34:30 | INFO | C04 | subtotal=54.99
2026-06-11 17:34:30 | INFO | C04 | tax=8.23
2026-06-11 17:34:30 | INFO | C04 | total=63.22
2026-06-11 17:34:30 | INFO | C04 | running_total=312.15
2026-06-11 17:34:30 | INFO | C04 | MESSAGE ACCEPTED
2026-06-11 17:34:30 | INFO | C04 | order=14da1915-8e74-47be-9e10-f7275d31af46
2026-06-11 17:34:30 | INFO | C04 | total=$63.22
2026-06-11 17:34:30 | INFO | C04 | consumed=3
2026-06-11 17:34:30 | INFO | C04 | RUNNING STATS
2026-06-11 17:34:30 | INFO | C04 | total_sales=$312.15
2026-06-11 17:34:30 | INFO | C04 | average=$104.05
2026-06-11 17:34:30 | INFO | C04 | min=$54.11
2026-06-11 17:34:30 | INFO | C04 | max=$194.82
2026-06-11 17:34:30 | INFO | C04 | {'currency_code': 'USD', 'customer_id': 'CUST-5333', 'customer_note': 'Highly recommend', 'datetime': '2026-05-04T08:40:00Z', 'device_type': 'mobile', 'discount_code': '', 'is_new_customer': 'false', 'is_online': 'true', 'order_id': 'd77ed935-9b28-431d-bc25-0a3fd98f4154', 'payment_method': 'paypal', 'product_id': 'PY-STREAM-005', 'quantity': '1', 'referral_source': 'organic', 'region_id': 'US-CA', 'unit_price': '59.99', '_kafka_key': 'US-CA', '_kafka_partition': 0, '_kafka_offset': 3}
2026-06-11 17:34:30 | INFO | C04 | subtotal=59.99
2026-06-11 17:34:30 | INFO | C04 | tax=5.7
2026-06-11 17:34:30 | INFO | C04 | total=65.69
2026-06-11 17:34:30 | INFO | C04 | running_total=377.84
2026-06-11 17:34:30 | INFO | C04 | MESSAGE ACCEPTED
2026-06-11 17:34:30 | INFO | C04 | order=d77ed935-9b28-431d-bc25-0a3fd98f4154
2026-06-11 17:34:30 | INFO | C04 | total=$65.69
2026-06-11 17:34:30 | INFO | C04 | consumed=4
2026-06-11 17:34:30 | INFO | C04 | RUNNING STATS
2026-06-11 17:34:30 | INFO | C04 | total_sales=$377.84
2026-06-11 17:34:30 | INFO | C04 | average=$94.46
2026-06-11 17:34:30 | INFO | C04 | min=$54.11
2026-06-11 17:34:30 | INFO | C04 | max=$194.82
2026-06-11 17:34:30 | INFO | C04 | {'currency_code': 'USD', 'customer_id': 'CUST-8573', 'customer_note': 'Learning at my own pace', 'datetime': '2026-05-04T08:41:00Z', 'device_type': 'mobile', 'discount_code': '', 'is_new_customer': 'false', 'is_online': 'true', 'order_id': '24b91995-25f8-4ad7-8fa6-2e4c15750e5e', 'payment_method': 'apple_pay', 'product_id': 'PY-VIZ-003', 'quantity': '1', 'referral_source': 'paid_search', 'region_id': 'US-MO', 'unit_price': '39.99', '_kafka_key': 'US-MO', '_kafka_partition': 0, '_kafka_offset': 4}
2026-06-11 17:34:30 | INFO | C04 | subtotal=39.99
2026-06-11 17:34:30 | INFO | C04 | tax=3.2
2026-06-11 17:34:30 | INFO | C04 | total=43.19
2026-06-11 17:34:30 | INFO | C04 | running_total=421.03
2026-06-11 17:34:30 | INFO | C04 | MESSAGE ACCEPTED
2026-06-11 17:34:30 | INFO | C04 | order=24b91995-25f8-4ad7-8fa6-2e4c15750e5e
2026-06-11 17:34:30 | INFO | C04 | total=$43.19
2026-06-11 17:34:30 | INFO | C04 | consumed=5
2026-06-11 17:34:30 | INFO | C04 | RUNNING STATS
2026-06-11 17:34:30 | INFO | C04 | total_sales=$421.03
2026-06-11 17:34:30 | INFO | C04 | average=$84.21
2026-06-11 17:34:30 | INFO | C04 | min=$43.19
2026-06-11 17:34:30 | INFO | C04 | max=$194.82
2026-06-11 17:34:30 | INFO | C04 | {'currency_code': 'CAD', 'customer_id': 'CUST-8062', 'customer_note': '', 'datetime': '2026-05-04T08:54:00Z', 'device_type': 'tablet', 'discount_code': '', 'is_new_customer': 'false', 'is_online': 'true', 'order_id': '1ec0fc8b-998c-4f43-8a66-19e1fa7d5fa8', 'payment_method': 'paypal', 'product_id': 'PY-SQL-004', 'quantity': '1', 'referral_source': 'organic', 'region_id': 'CA-ON', 'unit_price': '44.99', '_kafka_key': 'CA-ON', '_kafka_partition': 0, '_kafka_offset': 5}
2026-06-11 17:34:30 | INFO | C04 | subtotal=44.99
2026-06-11 17:34:30 | INFO | C04 | tax=5.85
2026-06-11 17:34:30 | INFO | C04 | total=50.84
2026-06-11 17:34:30 | INFO | C04 | running_total=471.87
2026-06-11 17:34:30 | INFO | C04 | MESSAGE ACCEPTED
2026-06-11 17:34:30 | INFO | C04 | order=1ec0fc8b-998c-4f43-8a66-19e1fa7d5fa8
2026-06-11 17:34:30 | INFO | C04 | total=$50.84
2026-06-11 17:34:30 | INFO | C04 | consumed=6
2026-06-11 17:34:30 | INFO | C04 | RUNNING STATS
2026-06-11 17:34:30 | INFO | C04 | total_sales=$471.87
2026-06-11 17:34:30 | INFO | C04 | average=$78.64
2026-06-11 17:34:30 | INFO | C04 | min=$43.19
2026-06-11 17:34:30 | INFO | C04 | max=$194.82
2026-06-11 17:34:30 | INFO | C04 | {'currency_code': 'CAD', 'customer_id': 'CUST-9348', 'customer_note': 'For my study group', 'datetime': '2026-05-04T09:07:00Z', 'device_type': 'desktop', 'discount_code': '', 'is_new_customer': 'false', 'is_online': 'false', 'order_id': '392dd49b-b385-499c-9b4a-a38387fa39ae', 'payment_method': 'credit_card', 'product_id': 'PY-INTRO-001', 'quantity': '1', 'referral_source': 'paid_search', 'region_id': 'CA-ON', 'unit_price': '29.99', '_kafka_key': 'CA-ON', '_kafka_partition': 0, '_kafka_offset': 6}
2026-06-11 17:34:30 | INFO | C04 | subtotal=29.99
2026-06-11 17:34:30 | INFO | C04 | tax=3.9
2026-06-11 17:34:30 | INFO | C04 | total=33.89
2026-06-11 17:34:30 | INFO | C04 | running_total=505.76
2026-06-11 17:34:31 | INFO | C04 | MESSAGE ACCEPTED
2026-06-11 17:34:31 | INFO | C04 | order=392dd49b-b385-499c-9b4a-a38387fa39ae
2026-06-11 17:34:31 | INFO | C04 | total=$33.89
2026-06-11 17:34:31 | INFO | C04 | consumed=7
2026-06-11 17:34:31 | INFO | C04 | RUNNING STATS
2026-06-11 17:34:31 | INFO | C04 | total_sales=$505.76
2026-06-11 17:34:31 | INFO | C04 | average=$72.25
2026-06-11 17:34:31 | INFO | C04 | min=$33.89
2026-06-11 17:34:31 | INFO | C04 | max=$194.82
2026-06-11 17:34:31 | INFO | C04 | {'currency_code': 'USD', 'customer_id': 'CUST-5889', 'customer_note': '', 'datetime': '2026-05-04T09:15:00Z', 'device_type': 'tablet', 'discount_code': '', 'is_new_customer': 'false', 'is_online': 'true', 'order_id': '02782ab7-dd7d-4ebe-8abc-ef81cdc4193b', 'payment_method': 'paypal', 'product_id': 'PY-VIZ-003', 'quantity': '1', 'referral_source': 'organic', 'region_id': 'US-CA', 'unit_price': '39.99', '_kafka_key': 'US-CA', '_kafka_partition': 0, '_kafka_offset': 7}
2026-06-11 17:34:31 | INFO | C04 | subtotal=39.99
2026-06-11 17:34:31 | INFO | C04 | tax=3.8
2026-06-11 17:34:31 | INFO | C04 | total=43.79
2026-06-11 17:34:31 | INFO | C04 | running_total=549.55
2026-06-11 17:34:31 | INFO | C04 | MESSAGE ACCEPTED
2026-06-11 17:34:31 | INFO | C04 | order=02782ab7-dd7d-4ebe-8abc-ef81cdc4193b
2026-06-11 17:34:31 | INFO | C04 | total=$43.79
2026-06-11 17:34:31 | INFO | C04 | consumed=8
2026-06-11 17:34:31 | INFO | C04 | RUNNING STATS
2026-06-11 17:34:31 | INFO | C04 | total_sales=$549.55
2026-06-11 17:34:31 | INFO | C04 | average=$68.69
2026-06-11 17:34:31 | INFO | C04 | min=$33.89
2026-06-11 17:34:31 | INFO | C04 | max=$194.82
2026-06-11 17:34:31 | INFO | C04 | {'currency_code': 'CAD', 'customer_id': 'CUST-4770', 'customer_note': 'Excellent content', 'datetime': '2026-05-04T09:19:00Z', 'device_type': 'desktop', 'discount_code': '', 'is_new_customer': 'false', 'is_online': 'true', 'order_id': '67bd3492-cc96-429a-9a91-1b4d2132d261', 'payment_method': 'credit_card', 'product_id': 'PY-VIZ-003', 'quantity': '1', 'referral_source': 'paid_search', 'region_id': 'CA-ON', 'unit_price': '39.99', '_kafka_key': 'CA-ON', '_kafka_partition': 0, '_kafka_offset': 8}
2026-06-11 17:34:31 | INFO | C04 | subtotal=39.99
2026-06-11 17:34:31 | INFO | C04 | tax=5.2
2026-06-11 17:34:31 | INFO | C04 | total=45.19
2026-06-11 17:34:31 | INFO | C04 | running_total=594.74
2026-06-11 17:34:31 | INFO | C04 | MESSAGE ACCEPTED
2026-06-11 17:34:31 | INFO | C04 | order=67bd3492-cc96-429a-9a91-1b4d2132d261
2026-06-11 17:34:31 | INFO | C04 | total=$45.19
2026-06-11 17:34:31 | INFO | C04 | consumed=9
2026-06-11 17:34:31 | INFO | C04 | RUNNING STATS
2026-06-11 17:34:31 | INFO | C04 | total_sales=$594.74
2026-06-11 17:34:31 | INFO | C04 | average=$66.08
2026-06-11 17:34:31 | INFO | C04 | min=$33.89
2026-06-11 17:34:31 | INFO | C04 | max=$194.82
2026-06-11 17:34:31 | INFO | P03 | {
  order_id: 0a021628-6937-4876-8875-b00c07a39e0f
  datetime: 2026-05-04T09:37:00Z
  region_id: MX-CMX
  currency_code: MXN
  product_id: PY-DATA-002
  unit_price: 49.99
  quantity: 1
  is_online: true
  customer_id: CUST-6168
  is_new_customer: false
  device_type: desktop
  payment_method: paypal
  referral_source: organic
  discount_code: 
  customer_note: 
}
2026-06-11 17:34:31 | INFO | P03 |   Sending message with key=MX-CMX
2026-06-11 17:34:31 | INFO | P03 |   MESSAGE SENT  sent=10
2026-06-11 17:34:31 | INFO | C04 | {'currency_code': 'MXN', 'customer_id': 'CUST-6168', 'customer_note': '', 'datetime': '2026-05-04T09:37:00Z', 'device_type': 'desktop', 'discount_code': '', 'is_new_customer': 'false', 'is_online': 'true', 'order_id': '0a021628-6937-4876-8875-b00c07a39e0f', 'payment_method': 'paypal', 'product_id': 'PY-DATA-002', 'quantity': '1', 'referral_source': 'organic', 'region_id': 'MX-CMX', 'unit_price': '49.99', '_kafka_key': 'MX-CMX', '_kafka_partition': 0, '_kafka_offset': 9}
2026-06-11 17:34:31 | INFO | C04 | subtotal=49.99
2026-06-11 17:34:31 | INFO | C04 | tax=8.0
2026-06-11 17:34:31 | INFO | C04 | total=57.99
2026-06-11 17:34:31 | INFO | C04 | running_total=652.73
2026-06-11 17:34:31 | INFO | C04 | MESSAGE ACCEPTED
2026-06-11 17:34:31 | INFO | C04 | order=0a021628-6937-4876-8875-b00c07a39e0f
2026-06-11 17:34:31 | INFO | C04 | total=$57.99
2026-06-11 17:34:31 | INFO | C04 | consumed=10
2026-06-11 17:34:31 | INFO | C04 | RUNNING STATS
2026-06-11 17:34:31 | INFO | C04 | total_sales=$652.73
2026-06-11 17:34:31 | INFO | C04 | average=$65.27
2026-06-11 17:34:31 | INFO | C04 | min=$33.89
2026-06-11 17:34:31 | INFO | C04 | max=$194.82
2026-06-11 17:34:32 | INFO | P03 | {
  order_id: b05fc600-a5fc-4826-934c-cc1f188b0715
  datetime: 2026-05-04T09:42:00Z
  region_id: US-MO
  currency_code: USD
  product_id: PY-DATA-002
  unit_price: 49.99
  quantity: 3
  is_online: true
  customer_id: CUST-3340
  is_new_customer: false
  device_type: tablet
  payment_method: credit_card
  referral_source: organic
  discount_code: 
  customer_note: Recommended by a colleague
}
2026-06-11 17:34:32 | INFO | P03 |   Sending message with key=US-MO
2026-06-11 17:34:32 | INFO | P03 |   MESSAGE SENT  sent=11
2026-06-11 17:34:32 | INFO | C04 | {'currency_code': 'USD', 'customer_id': 'CUST-3340', 'customer_note': 'Recommended by a colleague', 'datetime': '2026-05-04T09:42:00Z', 'device_type': 'tablet', 'discount_code': '', 'is_new_customer': 'false', 'is_online': 'true', 'order_id': 'b05fc600-a5fc-4826-934c-cc1f188b0715', 'payment_method': 'credit_card', 'product_id': 'PY-DATA-002', 'quantity': '3', 'referral_source': 'organic', 'region_id': 'US-MO', 'unit_price': '49.99', '_kafka_key': 'US-MO', '_kafka_partition': 0, '_kafka_offset': 10}
2026-06-11 17:34:32 | INFO | C04 | subtotal=149.97
2026-06-11 17:34:32 | INFO | C04 | tax=12.0
2026-06-11 17:34:32 | INFO | C04 | total=161.97
2026-06-11 17:34:32 | INFO | C04 | running_total=814.70
2026-06-11 17:34:32 | INFO | C04 | MESSAGE ACCEPTED
2026-06-11 17:34:32 | INFO | C04 | order=b05fc600-a5fc-4826-934c-cc1f188b0715
2026-06-11 17:34:32 | INFO | C04 | total=$161.97
2026-06-11 17:34:32 | INFO | C04 | consumed=11
2026-06-11 17:34:32 | INFO | C04 | RUNNING STATS
2026-06-11 17:34:32 | INFO | C04 | total_sales=$814.70
2026-06-11 17:34:32 | INFO | C04 | average=$74.06
2026-06-11 17:34:32 | INFO | C04 | min=$33.89
2026-06-11 17:34:32 | INFO | C04 | max=$194.82
2026-06-11 17:34:33 | INFO | P03 | {
  order_id: 03d437fb-6966-47ad-a67a-728630c8b3f8
  datetime: 2026-05-04T10:06:00Z
  region_id: US-MO
  currency_code: USD
  product_id: PY-INTRO-001
  unit_price: 29.99
  quantity: 1
  is_online: true
  customer_id: CUST-8668
  is_new_customer: false
  device_type: mobile
  payment_method: apple_pay
  referral_source: email
  discount_code: 
  customer_note: 
}
2026-06-11 17:34:33 | INFO | P03 |   Sending message with key=US-MO
2026-06-11 17:34:33 | INFO | P03 |   MESSAGE SENT  sent=12
2026-06-11 17:34:33 | INFO | C04 | {'currency_code': 'USD', 'customer_id': 'CUST-8668', 'customer_note': '', 'datetime': '2026-05-04T10:06:00Z', 'device_type': 'mobile', 'discount_code': '', 'is_new_customer': 'false', 'is_online': 'true', 'order_id': '03d437fb-6966-47ad-a67a-728630c8b3f8', 'payment_method': 'apple_pay', 'product_id': 'PY-INTRO-001', 'quantity': '1', 'referral_source': 'email', 'region_id': 'US-MO', 'unit_price': '29.99', '_kafka_key': 'US-MO', '_kafka_partition': 0, '_kafka_offset': 11}
2026-06-11 17:34:33 | INFO | C04 | subtotal=29.99
2026-06-11 17:34:33 | INFO | C04 | tax=2.4
2026-06-11 17:34:33 | INFO | C04 | total=32.39
2026-06-11 17:34:33 | INFO | C04 | running_total=847.09
2026-06-11 17:34:33 | INFO | C04 | MESSAGE ACCEPTED
2026-06-11 17:34:33 | INFO | C04 | order=03d437fb-6966-47ad-a67a-728630c8b3f8
2026-06-11 17:34:33 | INFO | C04 | total=$32.39
2026-06-11 17:34:33 | INFO | C04 | consumed=12
2026-06-11 17:34:33 | INFO | C04 | RUNNING STATS
2026-06-11 17:34:33 | INFO | C04 | total_sales=$847.09
2026-06-11 17:34:33 | INFO | C04 | average=$70.59
2026-06-11 17:34:33 | INFO | C04 | min=$32.39
2026-06-11 17:34:33 | INFO | C04 | max=$194.82
2026-06-11 17:34:34 | INFO | P03 | {
  order_id: 6914aea4-448f-4dc1-b68f-0fe4a2c06188
  datetime: 2026-05-04T10:15:00Z
  region_id: US-TX
  currency_code: USD
  product_id: PY-DATA-002
  unit_price: 49.99
  quantity: 1
  is_online: true
  customer_id: CUST-2827
  is_new_customer: false
  device_type: tablet
  payment_method: credit_card
  referral_source: organic
  discount_code: 
  customer_note: Learning at my own pace
}
2026-06-11 17:34:34 | INFO | P03 |   Sending message with key=US-TX
2026-06-11 17:34:34 | INFO | P03 |   MESSAGE SENT  sent=13
2026-06-11 17:34:34 | INFO | C04 | {'currency_code': 'USD', 'customer_id': 'CUST-2827', 'customer_note': 'Learning at my own pace', 'datetime': '2026-05-04T10:15:00Z', 'device_type': 'tablet', 'discount_code': '', 'is_new_customer': 'false', 'is_online': 'true', 'order_id': '6914aea4-448f-4dc1-b68f-0fe4a2c06188', 'payment_method': 'credit_card', 'product_id': 'PY-DATA-002', 'quantity': '1', 'referral_source': 'organic', 'region_id': 'US-TX', 'unit_price': '49.99', '_kafka_key': 'US-TX', '_kafka_partition': 0, '_kafka_offset': 12}
2026-06-11 17:34:34 | INFO | C04 | subtotal=49.99
2026-06-11 17:34:34 | INFO | C04 | tax=4.12
2026-06-11 17:34:34 | INFO | C04 | total=54.11
2026-06-11 17:34:34 | INFO | C04 | running_total=901.20
2026-06-11 17:34:34 | INFO | C04 | MESSAGE ACCEPTED
2026-06-11 17:34:34 | INFO | C04 | order=6914aea4-448f-4dc1-b68f-0fe4a2c06188
2026-06-11 17:34:34 | INFO | C04 | total=$54.11
2026-06-11 17:34:34 | INFO | C04 | consumed=13
2026-06-11 17:34:34 | INFO | C04 | RUNNING STATS
2026-06-11 17:34:34 | INFO | C04 | total_sales=$901.20
2026-06-11 17:34:34 | INFO | C04 | average=$69.32
2026-06-11 17:34:34 | INFO | C04 | min=$32.39
2026-06-11 17:34:34 | INFO | C04 | max=$194.82
2026-06-11 17:34:35 | INFO | P03 | {
  order_id: e1adb233-3aa8-4d60-9684-1ddf52e9d656
  datetime: 2026-05-04T10:16:00Z
  region_id: US-MO
  currency_code: USD
  product_id: PY-STREAM-005
  unit_price: 59.99
  quantity: 5
  is_online: false
  customer_id: CUST-4295
  is_new_customer: false
  device_type: desktop
  payment_method: paypal
  referral_source: organic
  discount_code: 
  customer_note: For my study group
}
2026-06-11 17:34:35 | INFO | P03 |   Sending message with key=US-MO
2026-06-11 17:34:35 | INFO | P03 |   MESSAGE SENT  sent=14
2026-06-11 17:34:35 | INFO | C04 | {'currency_code': 'USD', 'customer_id': 'CUST-4295', 'customer_note': 'For my study group', 'datetime': '2026-05-04T10:16:00Z', 'device_type': 'desktop', 'discount_code': '', 'is_new_customer': 'false', 'is_online': 'false', 'order_id': 'e1adb233-3aa8-4d60-9684-1ddf52e9d656', 'payment_method': 'paypal', 'product_id': 'PY-STREAM-005', 'quantity': '5', 'referral_source': 'organic', 'region_id': 'US-MO', 'unit_price': '59.99', '_kafka_key': 'US-MO', '_kafka_partition': 0, '_kafka_offset': 13}
2026-06-11 17:34:35 | INFO | C04 | subtotal=299.95
2026-06-11 17:34:35 | INFO | C04 | tax=24.0
2026-06-11 17:34:35 | INFO | C04 | total=323.95
2026-06-11 17:34:35 | INFO | C04 | running_total=1225.15
2026-06-11 17:34:35 | INFO | C04 | MESSAGE ACCEPTED
2026-06-11 17:34:35 | INFO | C04 | order=e1adb233-3aa8-4d60-9684-1ddf52e9d656
2026-06-11 17:34:35 | INFO | C04 | total=$323.95
2026-06-11 17:34:35 | INFO | C04 | consumed=14
2026-06-11 17:34:35 | INFO | C04 | RUNNING STATS
2026-06-11 17:34:35 | INFO | C04 | total_sales=$1,225.15
2026-06-11 17:34:35 | INFO | C04 | average=$87.51
2026-06-11 17:34:35 | INFO | C04 | min=$32.39
2026-06-11 17:34:35 | INFO | C04 | max=$323.95
2026-06-11 17:34:36 | INFO | P03 | {
  order_id: 80e9a9ea-9add-4d51-981a-d26aaacd4dc9
  datetime: 2026-05-04T10:30:00Z
  region_id: US-MO
  currency_code: USD
  product_id: PY-DATA-002
  unit_price: 49.99
  quantity: 1
  is_online: true
  customer_id: CUST-8953
  is_new_customer: false
  device_type: desktop
  payment_method: credit_card
  referral_source: social
  discount_code: 
  customer_note: For my study group
}
2026-06-11 17:34:36 | INFO | P03 |   Sending message with key=US-MO
2026-06-11 17:34:36 | INFO | P03 |   MESSAGE SENT  sent=15
2026-06-11 17:34:36 | INFO | C04 | {'currency_code': 'USD', 'customer_id': 'CUST-8953', 'customer_note': 'For my study group', 'datetime': '2026-05-04T10:30:00Z', 'device_type': 'desktop', 'discount_code': '', 'is_new_customer': 'false', 'is_online': 'true', 'order_id': '80e9a9ea-9add-4d51-981a-d26aaacd4dc9', 'payment_method': 'credit_card', 'product_id': 'PY-DATA-002', 'quantity': '1', 'referral_source': 'social', 'region_id': 'US-MO', 'unit_price': '49.99', '_kafka_key': 'US-MO', '_kafka_partition': 0, '_kafka_offset': 14}
2026-06-11 17:34:36 | INFO | C04 | subtotal=49.99
2026-06-11 17:34:36 | INFO | C04 | tax=4.0
2026-06-11 17:34:36 | INFO | C04 | total=53.99
2026-06-11 17:34:36 | INFO | C04 | running_total=1279.14
2026-06-11 17:34:36 | INFO | C04 | MESSAGE ACCEPTED
2026-06-11 17:34:36 | INFO | C04 | order=80e9a9ea-9add-4d51-981a-d26aaacd4dc9
2026-06-11 17:34:36 | INFO | C04 | total=$53.99
2026-06-11 17:34:36 | INFO | C04 | consumed=15
2026-06-11 17:34:36 | INFO | C04 | RUNNING STATS
2026-06-11 17:34:36 | INFO | C04 | total_sales=$1,279.14
2026-06-11 17:34:36 | INFO | C04 | average=$85.28
2026-06-11 17:34:36 | INFO | C04 | min=$32.39
2026-06-11 17:34:36 | INFO | C04 | max=$323.95
2026-06-11 17:34:37 | INFO | P03 | Checking for rejected records...
2026-06-11 17:34:37 | INFO | P03 |   No records rejected.
2026-06-11 17:34:37 | INFO | P03 | ========================
2026-06-11 17:34:37 | INFO | P03 | SECTION E. Exit
2026-06-11 17:34:37 | INFO | P03 | ========================
2026-06-11 17:34:37 | INFO | P03 | Summary:
2026-06-11 17:34:37 | INFO | P03 | Sent 15 message(s) to topic 'streaming-04-visualization-kjleopold'.
2026-06-11 17:34:37 | INFO | P03 | Rejected 0 message(s).
2026-06-11 17:34:37 | INFO | P03 | ========================
2026-06-11 17:34:37 | INFO | P03 | Producer executed successfully!
2026-06-11 17:34:37 | INFO | P03 | ========================
2026-06-11 17:34:47 | INFO | C04 | No message received within 10.0s timeout.
2026-06-11 17:34:47 | INFO | C04 | Producer finished or paused. Stopping consumer.
2026-06-11 17:34:47 | INFO | C04 | Kafka consumer closed.
2026-06-11 17:34:47 | INFO | C04 | Saving artifacts...
2026-06-11 17:34:47 | INFO | C04 | WROTE OUTPUT_CHART = data\output\sales_chart_kjleopold.png
2026-06-11 17:34:47 | INFO | C04 | WROTE OUTPUT_CSV = data\output\consumed_sales_kjleopold.csv
2026-06-11 17:34:47 | INFO | C04 | Live chart closed.
2026-06-11 17:34:47 | INFO | C04 | ========================
2026-06-11 17:34:47 | INFO | C04 | SECTION E. Exit
2026-06-11 17:34:47 | INFO | C04 | ========================
2026-06-11 17:34:47 | INFO | C04 | Summary:
2026-06-11 17:34:47 | INFO | C04 | Consumed 15 message(s) from topic 'streaming-04-visualization-kjleopold'.
2026-06-11 17:34:47 | INFO | C04 | Skipped  0 message(s).
2026-06-11 17:34:47 | INFO | C04 | OUTPUT_CSV = data\output\consumed_sales_kjleopold.csv
2026-06-11 17:34:47 | INFO | C04 | OUTPUT_CHART = data\output\sales_chart_kjleopold.png
2026-06-11 17:34:47 | INFO | C04 |   Total sales:  $1,279.14
2026-06-11 17:34:47 | INFO | C04 |   Average sale: $85.28
2026-06-11 17:34:47 | INFO | C04 |   Minimum sale: $32.39
2026-06-11 17:34:47 | INFO | C04 |   Maximum sale: $323.95
2026-06-11 17:34:47 | INFO | C04 | ========================
2026-06-11 17:34:47 | INFO | C04 | Consumer executed successfully!
2026-06-11 17:34:47 | INFO | C04 | ========================
2026-06-11 17:40:41 | DEBUG | P03 | KAFKA_BOOTSTRAP_SERVERS           = localhost:9092
2026-06-11 17:40:41 | DEBUG | P03 | KAFKA_BROKER_ADDRESS_FAMILY       = v6
2026-06-11 17:40:41 | DEBUG | P03 | KAFKA_TOPIC                       = streaming-04-visualization-kjleopold
2026-06-11 17:40:41 | DEBUG | P03 | KAFKA_CLEAR_TOPIC_ON_START        = true
2026-06-11 17:40:41 | DEBUG | P03 | PRODUCER_MESSAGE_COUNT            = 15
2026-06-11 17:40:41 | DEBUG | P03 | PRODUCER_MESSAGE_INTERVAL_SECONDS = 1
2026-06-11 17:40:41 | DEBUG | P03 | PRODUCER_MAX_MESSAGES             = 200
2026-06-11 17:40:41 | DEBUG | P03 | PRODUCER_POLL_INTERVAL_SECONDS    = 15
2026-06-11 17:40:41 | DEBUG | P03 | KAFKA_GROUP_ID                    = streaming-consumer-group-A
2026-06-11 17:40:41 | DEBUG | P03 | KAFKA_AUTO_OFFSET_RESET           = earliest
2026-06-11 17:40:41 | DEBUG | P03 | CONSUMER_TIMEOUT_SECONDS          = 10
2026-06-11 17:40:41 | DEBUG | P03 | CONSUMER_MAX_MESSAGES             = 1000
2026-06-11 17:40:41 | INFO | P03 | === RUN START ===
2026-06-11 17:40:41 | INFO | P03 | project=P03
2026-06-11 17:40:41 | INFO | P03 | repo_dir=streaming-04-visualization
2026-06-11 17:40:41 | INFO | P03 | python=3.14.5
2026-06-11 17:40:41 | INFO | P03 | os=Windows 11
2026-06-11 17:40:41 | INFO | P03 | shell=powershell
2026-06-11 17:40:41 | INFO | P03 | cwd=.
2026-06-11 17:40:41 | INFO | P03 | github_actions=False
2026-06-11 17:40:41 | INFO | P03 | ========================
2026-06-11 17:40:41 | INFO | P03 | START producer main()
2026-06-11 17:40:41 | INFO | P03 | ========================
2026-06-11 17:40:41 | INFO | P03 | ROOT_DIR = .
2026-06-11 17:40:41 | INFO | P03 | DATA_DIR = data
2026-06-11 17:40:41 | INFO | P03 | SALES_CSV = data\sales.csv
2026-06-11 17:40:41 | INFO | P03 | REGIONS_CSV = data\regions.csv
2026-06-11 17:40:41 | INFO | P03 | PRODUCTS_CSV = data\products.csv
2026-06-11 17:40:41 | INFO | P03 | REJECTED_SALES_CSV = data\output\producer_rejected_sales.csv
2026-06-11 17:40:41 | INFO | P03 | ========================
2026-06-11 17:40:41 | INFO | P03 | SECTION A. Acquire
2026-06-11 17:40:41 | INFO | P03 | ========================
2026-06-11 17:40:41 | INFO | P03 | Loading settings from .env...
2026-06-11 17:40:41 | INFO | P03 | KAFKA_BOOTSTRAP_SERVERS           = localhost:9092
2026-06-11 17:40:41 | INFO | P03 | KAFKA_TOPIC                       = streaming-04-visualization-kjleopold
2026-06-11 17:40:41 | INFO | P03 | PRODUCER_MESSAGE_COUNT            = 15
2026-06-11 17:40:41 | INFO | P03 | PRODUCER_MESSAGE_INTERVAL_SECONDS = 1.0
2026-06-11 17:40:41 | INFO | P03 | KAFKA_CLEAR_TOPIC_ON_START        = True
2026-06-11 17:40:41 | INFO | P03 | Verifying Kafka connection...
2026-06-11 17:40:41 | INFO | P03 | Kafka port is reachable.
2026-06-11 17:40:43 | INFO | P03 | Loading validation reference data...
2026-06-11 17:40:43 | INFO | P03 | Found 6 valid regions, 6 valid products.
2026-06-11 17:40:43 | INFO | P03 | ========================
2026-06-11 17:40:43 | INFO | P03 | SECTION P. Produce Messages
2026-06-11 17:40:43 | INFO | P03 | ========================
2026-06-11 17:40:43 | INFO | P03 | Initializing output...
2026-06-11 17:40:43 | INFO | P03 | Output directory ready: output
2026-06-11 17:40:43 | INFO | P03 | Sending messages...
2026-06-11 17:40:43 | INFO | P03 | Sending up to 15 message(s) to topic 'streaming-04-visualization-kjleopold'.
2026-06-11 17:40:43 | INFO | P03 | Watch each sale arrive. Press CTRL+C to stop early.

2026-06-11 17:40:43 | INFO | P03 | {
  order_id: e7324981-a9f0-419f-b708-d0a333451fff
  datetime: 2026-05-04T08:11:00Z
  region_id: US-TX
  currency_code: USD
  product_id: PY-STREAM-005
  unit_price: 59.99
  quantity: 3
  is_online: true
  customer_id: CUST-4150
  is_new_customer: false
  device_type: tablet
  payment_method: paypal
  referral_source: paid_search
  discount_code: 
  customer_note: Gift for my team
}
2026-06-11 17:40:43 | INFO | P03 |   Sending message with key=US-TX
2026-06-11 17:40:43 | INFO | P03 |   MESSAGE SENT  sent=1
2026-06-11 17:40:43 | DEBUG | C04 | KAFKA_BOOTSTRAP_SERVERS           = localhost:9092
2026-06-11 17:40:43 | DEBUG | C04 | KAFKA_BROKER_ADDRESS_FAMILY       = v6
2026-06-11 17:40:43 | DEBUG | C04 | KAFKA_TOPIC                       = streaming-04-visualization-kjleopold
2026-06-11 17:40:43 | DEBUG | C04 | KAFKA_CLEAR_TOPIC_ON_START        = true
2026-06-11 17:40:43 | DEBUG | C04 | PRODUCER_MESSAGE_COUNT            = 15
2026-06-11 17:40:43 | DEBUG | C04 | PRODUCER_MESSAGE_INTERVAL_SECONDS = 1
2026-06-11 17:40:43 | DEBUG | C04 | PRODUCER_MAX_MESSAGES             = 200
2026-06-11 17:40:43 | DEBUG | C04 | PRODUCER_POLL_INTERVAL_SECONDS    = 15
2026-06-11 17:40:43 | DEBUG | C04 | KAFKA_GROUP_ID                    = streaming-consumer-group-A
2026-06-11 17:40:43 | DEBUG | C04 | KAFKA_AUTO_OFFSET_RESET           = earliest
2026-06-11 17:40:43 | DEBUG | C04 | CONSUMER_TIMEOUT_SECONDS          = 10
2026-06-11 17:40:43 | DEBUG | C04 | CONSUMER_MAX_MESSAGES             = 1000
2026-06-11 17:40:43 | INFO | C04 | === RUN START ===
2026-06-11 17:40:43 | INFO | C04 | project=C04
2026-06-11 17:40:43 | INFO | C04 | repo_dir=streaming-04-visualization
2026-06-11 17:40:43 | INFO | C04 | python=3.14.5
2026-06-11 17:40:43 | INFO | C04 | os=Windows 11
2026-06-11 17:40:43 | INFO | C04 | shell=powershell
2026-06-11 17:40:43 | INFO | C04 | cwd=.
2026-06-11 17:40:43 | INFO | C04 | github_actions=False
2026-06-11 17:40:43 | INFO | C04 | ========================
2026-06-11 17:40:43 | INFO | C04 | START consumer main()
2026-06-11 17:40:43 | INFO | C04 | ========================
2026-06-11 17:40:43 | INFO | C04 | ROOT_DIR = .
2026-06-11 17:40:43 | INFO | C04 | DATA_DIR = data
2026-06-11 17:40:43 | INFO | C04 | OUTPUT_CSV = data\output\consumed_sales_kjleopold.csv
2026-06-11 17:40:43 | INFO | C04 | OUTPUT_CHART = data\output\sales_chart_kjleopold.png
2026-06-11 17:40:43 | INFO | C04 | REGIONS_CSV = data\regions.csv
2026-06-11 17:40:43 | INFO | C04 | PRODUCTS_CSV = data\products.csv
2026-06-11 17:40:43 | INFO | C04 | CURRENCIES_CSV = data\currencies.csv
2026-06-11 17:40:43 | INFO | C04 | DISCOUNT_CODES_CSV = data\discount_codes.csv
2026-06-11 17:40:43 | INFO | C04 | ========================
2026-06-11 17:40:43 | INFO | C04 | SECTION A. Acquire
2026-06-11 17:40:43 | INFO | C04 | ========================
2026-06-11 17:40:43 | INFO | C04 | Loading settings from .env...
2026-06-11 17:40:43 | INFO | C04 | KAFKA_BOOTSTRAP_SERVERS  = localhost:9092
2026-06-11 17:40:43 | INFO | C04 | KAFKA_TOPIC              = streaming-04-visualization-kjleopold
2026-06-11 17:40:43 | INFO | C04 | KAFKA_GROUP_ID           = streaming-consumer-group-A
2026-06-11 17:40:43 | INFO | C04 | CONSUMER_TIMEOUT_SECONDS = 10.0
2026-06-11 17:40:43 | INFO | C04 | CONSUMER_MAX_MESSAGES    = 1000
2026-06-11 17:40:43 | INFO | C04 | Verifying Kafka connection...
2026-06-11 17:40:43 | INFO | C04 | Kafka port is reachable.
2026-06-11 17:40:43 | INFO | C04 | Verifying Kafka topic...
2026-06-11 17:40:44 | INFO | P03 | {
  order_id: d61943e0-f543-4b5f-9c9a-18605ea4cfe5
  datetime: 2026-05-04T08:23:00Z
  region_id: US-TX
  currency_code: USD
  product_id: PY-DATA-002
  unit_price: 49.99
  quantity: 1
  is_online: true
  customer_id: CUST-1106
  is_new_customer: false
  device_type: mobile
  payment_method: paypal
  referral_source: paid_search
  discount_code: 
  customer_note: Gift for my team
}
2026-06-11 17:40:44 | INFO | P03 |   Sending message with key=US-TX
2026-06-11 17:40:44 | INFO | P03 |   MESSAGE SENT  sent=2
2026-06-11 17:40:45 | INFO | P03 | {
  order_id: 14da1915-8e74-47be-9e10-f7275d31af46
  datetime: 2026-05-04T08:28:00Z
  region_id: CA-QC
  currency_code: CAD
  product_id: PY-NLP-006
  unit_price: 54.99
  quantity: 1
  is_online: true
  customer_id: CUST-2133
  is_new_customer: false
  device_type: desktop
  payment_method: paypal
  referral_source: organic
  discount_code: 
  customer_note: Learning at my own pace
}
2026-06-11 17:40:45 | INFO | P03 |   Sending message with key=CA-QC
2026-06-11 17:40:46 | INFO | P03 |   MESSAGE SENT  sent=3
2026-06-11 17:40:47 | INFO | P03 | {
  order_id: d77ed935-9b28-431d-bc25-0a3fd98f4154
  datetime: 2026-05-04T08:40:00Z
  region_id: US-CA
  currency_code: USD
  product_id: PY-STREAM-005
  unit_price: 59.99
  quantity: 1
  is_online: true
  customer_id: CUST-5333
  is_new_customer: false
  device_type: mobile
  payment_method: paypal
  referral_source: organic
  discount_code: 
  customer_note: Highly recommend
}
2026-06-11 17:40:47 | INFO | P03 |   Sending message with key=US-CA
2026-06-11 17:40:47 | INFO | P03 |   MESSAGE SENT  sent=4
2026-06-11 17:40:48 | INFO | P03 | {
  order_id: 24b91995-25f8-4ad7-8fa6-2e4c15750e5e
  datetime: 2026-05-04T08:41:00Z
  region_id: US-MO
  currency_code: USD
  product_id: PY-VIZ-003
  unit_price: 39.99
  quantity: 1
  is_online: true
  customer_id: CUST-8573
  is_new_customer: false
  device_type: mobile
  payment_method: apple_pay
  referral_source: paid_search
  discount_code: 
  customer_note: Learning at my own pace
}
2026-06-11 17:40:48 | INFO | P03 |   Sending message with key=US-MO
2026-06-11 17:40:48 | INFO | P03 |   MESSAGE SENT  sent=5
2026-06-11 17:40:49 | INFO | P03 | {
  order_id: 1ec0fc8b-998c-4f43-8a66-19e1fa7d5fa8
  datetime: 2026-05-04T08:54:00Z
  region_id: CA-ON
  currency_code: CAD
  product_id: PY-SQL-004
  unit_price: 44.99
  quantity: 1
  is_online: true
  customer_id: CUST-8062
  is_new_customer: false
  device_type: tablet
  payment_method: paypal
  referral_source: organic
  discount_code: 
  customer_note: 
}
2026-06-11 17:40:49 | INFO | P03 |   Sending message with key=CA-ON
2026-06-11 17:40:49 | INFO | P03 |   MESSAGE SENT  sent=6
2026-06-11 17:40:50 | INFO | P03 | {
  order_id: 392dd49b-b385-499c-9b4a-a38387fa39ae
  datetime: 2026-05-04T09:07:00Z
  region_id: CA-ON
  currency_code: CAD
  product_id: PY-INTRO-001
  unit_price: 29.99
  quantity: 1
  is_online: false
  customer_id: CUST-9348
  is_new_customer: false
  device_type: desktop
  payment_method: credit_card
  referral_source: paid_search
  discount_code: 
  customer_note: For my study group
}
2026-06-11 17:40:50 | INFO | P03 |   Sending message with key=CA-ON
2026-06-11 17:40:50 | INFO | P03 |   MESSAGE SENT  sent=7
2026-06-11 17:40:51 | INFO | P03 | {
  order_id: 02782ab7-dd7d-4ebe-8abc-ef81cdc4193b
  datetime: 2026-05-04T09:15:00Z
  region_id: US-CA
  currency_code: USD
  product_id: PY-VIZ-003
  unit_price: 39.99
  quantity: 1
  is_online: true
  customer_id: CUST-5889
  is_new_customer: false
  device_type: tablet
  payment_method: paypal
  referral_source: organic
  discount_code: 
  customer_note: 
}
2026-06-11 17:40:51 | INFO | P03 |   Sending message with key=US-CA
2026-06-11 17:40:51 | INFO | P03 |   MESSAGE SENT  sent=8
2026-06-11 17:40:52 | INFO | P03 | {
  order_id: 67bd3492-cc96-429a-9a91-1b4d2132d261
  datetime: 2026-05-04T09:19:00Z
  region_id: CA-ON
  currency_code: CAD
  product_id: PY-VIZ-003
  unit_price: 39.99
  quantity: 1
  is_online: true
  customer_id: CUST-4770
  is_new_customer: false
  device_type: desktop
  payment_method: credit_card
  referral_source: paid_search
  discount_code: 
  customer_note: Excellent content
}
2026-06-11 17:40:52 | INFO | P03 |   Sending message with key=CA-ON
2026-06-11 17:40:52 | INFO | P03 |   MESSAGE SENT  sent=9
2026-06-11 17:40:53 | INFO | P03 | {
  order_id: 0a021628-6937-4876-8875-b00c07a39e0f
  datetime: 2026-05-04T09:37:00Z
  region_id: MX-CMX
  currency_code: MXN
  product_id: PY-DATA-002
  unit_price: 49.99
  quantity: 1
  is_online: true
  customer_id: CUST-6168
  is_new_customer: false
  device_type: desktop
  payment_method: paypal
  referral_source: organic
  discount_code: 
  customer_note: 
}
2026-06-11 17:40:53 | INFO | P03 |   Sending message with key=MX-CMX
2026-06-11 17:40:53 | INFO | P03 |   MESSAGE SENT  sent=10
2026-06-11 17:40:54 | INFO | P03 | {
  order_id: b05fc600-a5fc-4826-934c-cc1f188b0715
  datetime: 2026-05-04T09:42:00Z
  region_id: US-MO
  currency_code: USD
  product_id: PY-DATA-002
  unit_price: 49.99
  quantity: 3
  is_online: true
  customer_id: CUST-3340
  is_new_customer: false
  device_type: tablet
  payment_method: credit_card
  referral_source: organic
  discount_code: 
  customer_note: Recommended by a colleague
}
2026-06-11 17:40:54 | INFO | P03 |   Sending message with key=US-MO
2026-06-11 17:40:54 | INFO | P03 |   MESSAGE SENT  sent=11
2026-06-11 17:40:55 | INFO | P03 | {
  order_id: 03d437fb-6966-47ad-a67a-728630c8b3f8
  datetime: 2026-05-04T10:06:00Z
  region_id: US-MO
  currency_code: USD
  product_id: PY-INTRO-001
  unit_price: 29.99
  quantity: 1
  is_online: true
  customer_id: CUST-8668
  is_new_customer: false
  device_type: mobile
  payment_method: apple_pay
  referral_source: email
  discount_code: 
  customer_note: 
}
2026-06-11 17:40:55 | INFO | P03 |   Sending message with key=US-MO
2026-06-11 17:40:55 | INFO | P03 |   MESSAGE SENT  sent=12
2026-06-11 17:40:56 | INFO | P03 | {
  order_id: 6914aea4-448f-4dc1-b68f-0fe4a2c06188
  datetime: 2026-05-04T10:15:00Z
  region_id: US-TX
  currency_code: USD
  product_id: PY-DATA-002
  unit_price: 49.99
  quantity: 1
  is_online: true
  customer_id: CUST-2827
  is_new_customer: false
  device_type: tablet
  payment_method: credit_card
  referral_source: organic
  discount_code: 
  customer_note: Learning at my own pace
}
2026-06-11 17:40:56 | INFO | P03 |   Sending message with key=US-TX
2026-06-11 17:40:56 | INFO | P03 |   MESSAGE SENT  sent=13
2026-06-11 17:40:57 | INFO | P03 | {
  order_id: e1adb233-3aa8-4d60-9684-1ddf52e9d656
  datetime: 2026-05-04T10:16:00Z
  region_id: US-MO
  currency_code: USD
  product_id: PY-STREAM-005
  unit_price: 59.99
  quantity: 5
  is_online: false
  customer_id: CUST-4295
  is_new_customer: false
  device_type: desktop
  payment_method: paypal
  referral_source: organic
  discount_code: 
  customer_note: For my study group
}
2026-06-11 17:40:57 | INFO | P03 |   Sending message with key=US-MO
2026-06-11 17:40:57 | INFO | P03 |   MESSAGE SENT  sent=14
2026-06-11 17:40:58 | INFO | C04 | Topic 'streaming-04-visualization-kjleopold' exists.
2026-06-11 17:40:58 | INFO | C04 | Found 14 message(s) available.
2026-06-11 17:40:58 | INFO | C04 | Creating Kafka consumer...
2026-06-11 17:40:58 | INFO | C04 | Subscribed to topic: 'streaming-04-visualization-kjleopold' (reading from beginning)
2026-06-11 17:40:58 | INFO | C04 | ========================
2026-06-11 17:40:58 | INFO | C04 | SECTION C. Consume and Process Messages
2026-06-11 17:40:58 | INFO | C04 | ========================
2026-06-11 17:40:58 | INFO | C04 | Initializing output...
2026-06-11 17:40:58 | INFO | C04 | Output CSV cleared: consumed_sales_kjleopold.csv
2026-06-11 17:40:58 | INFO | P03 | {
  order_id: 80e9a9ea-9add-4d51-981a-d26aaacd4dc9
  datetime: 2026-05-04T10:30:00Z
  region_id: US-MO
  currency_code: USD
  product_id: PY-DATA-002
  unit_price: 49.99
  quantity: 1
  is_online: true
  customer_id: CUST-8953
  is_new_customer: false
  device_type: desktop
  payment_method: credit_card
  referral_source: social
  discount_code: 
  customer_note: For my study group
}
2026-06-11 17:40:58 | INFO | P03 |   Sending message with key=US-MO
2026-06-11 17:40:58 | INFO | P03 |   MESSAGE SENT  sent=15
2026-06-11 17:40:59 | INFO | P03 | Checking for rejected records...
2026-06-11 17:40:59 | INFO | P03 |   No records rejected.
2026-06-11 17:40:59 | INFO | P03 | ========================
2026-06-11 17:40:59 | INFO | P03 | SECTION E. Exit
2026-06-11 17:40:59 | INFO | P03 | ========================
2026-06-11 17:40:59 | INFO | P03 | Summary:
2026-06-11 17:40:59 | INFO | P03 | Sent 15 message(s) to topic 'streaming-04-visualization-kjleopold'.
2026-06-11 17:40:59 | INFO | P03 | Rejected 0 message(s).
2026-06-11 17:40:59 | INFO | P03 | ========================
2026-06-11 17:40:59 | INFO | P03 | Producer executed successfully!
2026-06-11 17:40:59 | INFO | P03 | ========================
2026-06-11 17:42:52 | DEBUG | P03 | KAFKA_BOOTSTRAP_SERVERS           = localhost:9092
2026-06-11 17:42:52 | DEBUG | P03 | KAFKA_BROKER_ADDRESS_FAMILY       = v6
2026-06-11 17:42:52 | DEBUG | P03 | KAFKA_TOPIC                       = streaming-04-visualization-kjleopold
2026-06-11 17:42:52 | DEBUG | P03 | KAFKA_CLEAR_TOPIC_ON_START        = true
2026-06-11 17:42:52 | DEBUG | P03 | PRODUCER_MESSAGE_COUNT            = 15
2026-06-11 17:42:52 | DEBUG | P03 | PRODUCER_MESSAGE_INTERVAL_SECONDS = 1
2026-06-11 17:42:52 | DEBUG | P03 | PRODUCER_MAX_MESSAGES             = 200
2026-06-11 17:42:52 | DEBUG | P03 | PRODUCER_POLL_INTERVAL_SECONDS    = 15
2026-06-11 17:42:52 | DEBUG | P03 | KAFKA_GROUP_ID                    = streaming-consumer-group-A
2026-06-11 17:42:52 | DEBUG | P03 | KAFKA_AUTO_OFFSET_RESET           = earliest
2026-06-11 17:42:52 | DEBUG | P03 | CONSUMER_TIMEOUT_SECONDS          = 10
2026-06-11 17:42:52 | DEBUG | P03 | CONSUMER_MAX_MESSAGES             = 1000
2026-06-11 17:42:52 | INFO | P03 | === RUN START ===
2026-06-11 17:42:52 | INFO | P03 | project=P03
2026-06-11 17:42:52 | INFO | P03 | repo_dir=streaming-04-visualization
2026-06-11 17:42:52 | INFO | P03 | python=3.14.5
2026-06-11 17:42:52 | INFO | P03 | os=Windows 11
2026-06-11 17:42:52 | INFO | P03 | shell=powershell
2026-06-11 17:42:52 | INFO | P03 | cwd=.
2026-06-11 17:42:52 | INFO | P03 | github_actions=False
2026-06-11 17:42:52 | INFO | P03 | ========================
2026-06-11 17:42:52 | INFO | P03 | START producer main()
2026-06-11 17:42:52 | INFO | P03 | ========================
2026-06-11 17:42:52 | INFO | P03 | ROOT_DIR = .
2026-06-11 17:42:52 | INFO | P03 | DATA_DIR = data
2026-06-11 17:42:52 | INFO | P03 | SALES_CSV = data\sales.csv
2026-06-11 17:42:52 | INFO | P03 | REGIONS_CSV = data\regions.csv
2026-06-11 17:42:52 | INFO | P03 | PRODUCTS_CSV = data\products.csv
2026-06-11 17:42:52 | INFO | P03 | REJECTED_SALES_CSV = data\output\producer_rejected_sales.csv
2026-06-11 17:42:52 | INFO | P03 | ========================
2026-06-11 17:42:52 | INFO | P03 | SECTION A. Acquire
2026-06-11 17:42:52 | INFO | P03 | ========================
2026-06-11 17:42:52 | INFO | P03 | Loading settings from .env...
2026-06-11 17:42:52 | INFO | P03 | KAFKA_BOOTSTRAP_SERVERS           = localhost:9092
2026-06-11 17:42:52 | INFO | P03 | KAFKA_TOPIC                       = streaming-04-visualization-kjleopold
2026-06-11 17:42:52 | INFO | P03 | PRODUCER_MESSAGE_COUNT            = 15
2026-06-11 17:42:52 | INFO | P03 | PRODUCER_MESSAGE_INTERVAL_SECONDS = 1.0
2026-06-11 17:42:52 | INFO | P03 | KAFKA_CLEAR_TOPIC_ON_START        = True
2026-06-11 17:42:52 | INFO | P03 | Verifying Kafka connection...
2026-06-11 17:42:52 | INFO | P03 | Kafka port is reachable.
2026-06-11 17:42:55 | DEBUG | C04 | KAFKA_BOOTSTRAP_SERVERS           = localhost:9092
2026-06-11 17:42:55 | DEBUG | C04 | KAFKA_BROKER_ADDRESS_FAMILY       = v6
2026-06-11 17:42:55 | DEBUG | C04 | KAFKA_TOPIC                       = streaming-04-visualization-kjleopold
2026-06-11 17:42:55 | DEBUG | C04 | KAFKA_CLEAR_TOPIC_ON_START        = true
2026-06-11 17:42:55 | DEBUG | C04 | PRODUCER_MESSAGE_COUNT            = 15
2026-06-11 17:42:55 | DEBUG | C04 | PRODUCER_MESSAGE_INTERVAL_SECONDS = 1
2026-06-11 17:42:55 | DEBUG | C04 | PRODUCER_MAX_MESSAGES             = 200
2026-06-11 17:42:55 | DEBUG | C04 | PRODUCER_POLL_INTERVAL_SECONDS    = 15
2026-06-11 17:42:55 | DEBUG | C04 | KAFKA_GROUP_ID                    = streaming-consumer-group-A
2026-06-11 17:42:55 | DEBUG | C04 | KAFKA_AUTO_OFFSET_RESET           = earliest
2026-06-11 17:42:55 | DEBUG | C04 | CONSUMER_TIMEOUT_SECONDS          = 10
2026-06-11 17:42:55 | DEBUG | C04 | CONSUMER_MAX_MESSAGES             = 1000
2026-06-11 17:42:55 | INFO | C04 | === RUN START ===
2026-06-11 17:42:55 | INFO | C04 | project=C04
2026-06-11 17:42:55 | INFO | C04 | repo_dir=streaming-04-visualization
2026-06-11 17:42:55 | INFO | C04 | python=3.14.5
2026-06-11 17:42:55 | INFO | C04 | os=Windows 11
2026-06-11 17:42:55 | INFO | C04 | shell=powershell
2026-06-11 17:42:55 | INFO | C04 | cwd=.
2026-06-11 17:42:55 | INFO | C04 | github_actions=False
2026-06-11 17:42:55 | INFO | C04 | ========================
2026-06-11 17:42:55 | INFO | C04 | START consumer main()
2026-06-11 17:42:55 | INFO | C04 | ========================
2026-06-11 17:42:55 | INFO | C04 | ROOT_DIR = .
2026-06-11 17:42:55 | INFO | C04 | DATA_DIR = data
2026-06-11 17:42:55 | INFO | C04 | OUTPUT_CSV = data\output\consumed_sales_kjleopold.csv
2026-06-11 17:42:55 | INFO | C04 | OUTPUT_CHART = data\output\sales_chart_kjleopold.png
2026-06-11 17:42:55 | INFO | C04 | REGIONS_CSV = data\regions.csv
2026-06-11 17:42:55 | INFO | C04 | PRODUCTS_CSV = data\products.csv
2026-06-11 17:42:55 | INFO | C04 | CURRENCIES_CSV = data\currencies.csv
2026-06-11 17:42:55 | INFO | C04 | DISCOUNT_CODES_CSV = data\discount_codes.csv
2026-06-11 17:42:55 | INFO | C04 | ========================
2026-06-11 17:42:55 | INFO | C04 | SECTION A. Acquire
2026-06-11 17:42:55 | INFO | C04 | ========================
2026-06-11 17:42:55 | INFO | C04 | Loading settings from .env...
2026-06-11 17:42:55 | INFO | C04 | KAFKA_BOOTSTRAP_SERVERS  = localhost:9092
2026-06-11 17:42:55 | INFO | C04 | KAFKA_TOPIC              = streaming-04-visualization-kjleopold
2026-06-11 17:42:55 | INFO | C04 | KAFKA_GROUP_ID           = streaming-consumer-group-A
2026-06-11 17:42:55 | INFO | C04 | CONSUMER_TIMEOUT_SECONDS = 10.0
2026-06-11 17:42:55 | INFO | C04 | CONSUMER_MAX_MESSAGES    = 1000
2026-06-11 17:42:55 | INFO | C04 | Verifying Kafka connection...
2026-06-11 17:42:55 | INFO | C04 | Kafka port is reachable.
2026-06-11 17:42:55 | INFO | C04 | Verifying Kafka topic...
2026-06-11 17:42:56 | INFO | P03 | Loading validation reference data...
2026-06-11 17:42:56 | INFO | P03 | Found 6 valid regions, 6 valid products.
2026-06-11 17:42:56 | INFO | P03 | ========================
2026-06-11 17:42:56 | INFO | P03 | SECTION P. Produce Messages
2026-06-11 17:42:56 | INFO | P03 | ========================
2026-06-11 17:42:56 | INFO | P03 | Initializing output...
2026-06-11 17:42:56 | INFO | P03 | Output directory ready: output
2026-06-11 17:42:56 | INFO | P03 | Sending messages...
2026-06-11 17:42:56 | INFO | P03 | Sending up to 15 message(s) to topic 'streaming-04-visualization-kjleopold'.
2026-06-11 17:42:56 | INFO | P03 | Watch each sale arrive. Press CTRL+C to stop early.

2026-06-11 17:42:56 | INFO | P03 | {
  order_id: e7324981-a9f0-419f-b708-d0a333451fff
  datetime: 2026-05-04T08:11:00Z
  region_id: US-TX
  currency_code: USD
  product_id: PY-STREAM-005
  unit_price: 59.99
  quantity: 3
  is_online: true
  customer_id: CUST-4150
  is_new_customer: false
  device_type: tablet
  payment_method: paypal
  referral_source: paid_search
  discount_code: 
  customer_note: Gift for my team
}
2026-06-11 17:42:56 | INFO | P03 |   Sending message with key=US-TX
2026-06-11 17:42:56 | INFO | P03 |   MESSAGE SENT  sent=1
2026-06-11 17:42:57 | INFO | P03 | {
  order_id: d61943e0-f543-4b5f-9c9a-18605ea4cfe5
  datetime: 2026-05-04T08:23:00Z
  region_id: US-TX
  currency_code: USD
  product_id: PY-DATA-002
  unit_price: 49.99
  quantity: 1
  is_online: true
  customer_id: CUST-1106
  is_new_customer: false
  device_type: mobile
  payment_method: paypal
  referral_source: paid_search
  discount_code: 
  customer_note: Gift for my team
}
2026-06-11 17:42:57 | INFO | P03 |   Sending message with key=US-TX
2026-06-11 17:42:57 | INFO | P03 |   MESSAGE SENT  sent=2
2026-06-11 17:42:57 | INFO | C04 | Topic 'streaming-04-visualization-kjleopold' exists.
2026-06-11 17:42:57 | INFO | C04 | Found 2 message(s) available.
2026-06-11 17:42:57 | INFO | C04 | Creating Kafka consumer...
2026-06-11 17:42:57 | INFO | C04 | Subscribed to topic: 'streaming-04-visualization-kjleopold' (reading from beginning)
2026-06-11 17:42:57 | INFO | C04 | ========================
2026-06-11 17:42:57 | INFO | C04 | SECTION C. Consume and Process Messages
2026-06-11 17:42:57 | INFO | C04 | ========================
2026-06-11 17:42:57 | INFO | C04 | Initializing output...
2026-06-11 17:42:57 | INFO | C04 | Output CSV cleared: consumed_sales_kjleopold.csv
2026-06-11 17:42:58 | INFO | P03 | {
  order_id: 14da1915-8e74-47be-9e10-f7275d31af46
  datetime: 2026-05-04T08:28:00Z
  region_id: CA-QC
  currency_code: CAD
  product_id: PY-NLP-006
  unit_price: 54.99
  quantity: 1
  is_online: true
  customer_id: CUST-2133
  is_new_customer: false
  device_type: desktop
  payment_method: paypal
  referral_source: organic
  discount_code: 
  customer_note: Learning at my own pace
}
2026-06-11 17:42:58 | INFO | P03 |   Sending message with key=CA-QC
2026-06-11 17:42:58 | INFO | P03 |   MESSAGE SENT  sent=3
2026-06-11 17:42:59 | INFO | P03 | {
  order_id: d77ed935-9b28-431d-bc25-0a3fd98f4154
  datetime: 2026-05-04T08:40:00Z
  region_id: US-CA
  currency_code: USD
  product_id: PY-STREAM-005
  unit_price: 59.99
  quantity: 1
  is_online: true
  customer_id: CUST-5333
  is_new_customer: false
  device_type: mobile
  payment_method: paypal
  referral_source: organic
  discount_code: 
  customer_note: Highly recommend
}
2026-06-11 17:42:59 | INFO | P03 |   Sending message with key=US-CA
2026-06-11 17:42:59 | INFO | P03 |   MESSAGE SENT  sent=4
2026-06-11 17:43:00 | INFO | P03 | {
  order_id: 24b91995-25f8-4ad7-8fa6-2e4c15750e5e
  datetime: 2026-05-04T08:41:00Z
  region_id: US-MO
  currency_code: USD
  product_id: PY-VIZ-003
  unit_price: 39.99
  quantity: 1
  is_online: true
  customer_id: CUST-8573
  is_new_customer: false
  device_type: mobile
  payment_method: apple_pay
  referral_source: paid_search
  discount_code: 
  customer_note: Learning at my own pace
}
2026-06-11 17:43:00 | INFO | P03 |   Sending message with key=US-MO
2026-06-11 17:43:00 | INFO | P03 |   MESSAGE SENT  sent=5
2026-06-11 17:43:01 | INFO | P03 | {
  order_id: 1ec0fc8b-998c-4f43-8a66-19e1fa7d5fa8
  datetime: 2026-05-04T08:54:00Z
  region_id: CA-ON
  currency_code: CAD
  product_id: PY-SQL-004
  unit_price: 44.99
  quantity: 1
  is_online: true
  customer_id: CUST-8062
  is_new_customer: false
  device_type: tablet
  payment_method: paypal
  referral_source: organic
  discount_code: 
  customer_note: 
}
2026-06-11 17:43:01 | INFO | P03 |   Sending message with key=CA-ON
2026-06-11 17:43:01 | INFO | P03 |   MESSAGE SENT  sent=6
2026-06-11 17:43:02 | INFO | P03 | {
  order_id: 392dd49b-b385-499c-9b4a-a38387fa39ae
  datetime: 2026-05-04T09:07:00Z
  region_id: CA-ON
  currency_code: CAD
  product_id: PY-INTRO-001
  unit_price: 29.99
  quantity: 1
  is_online: false
  customer_id: CUST-9348
  is_new_customer: false
  device_type: desktop
  payment_method: credit_card
  referral_source: paid_search
  discount_code: 
  customer_note: For my study group
}
2026-06-11 17:43:02 | INFO | P03 |   Sending message with key=CA-ON
2026-06-11 17:43:02 | INFO | P03 |   MESSAGE SENT  sent=7
2026-06-11 17:43:03 | INFO | P03 | {
  order_id: 02782ab7-dd7d-4ebe-8abc-ef81cdc4193b
  datetime: 2026-05-04T09:15:00Z
  region_id: US-CA
  currency_code: USD
  product_id: PY-VIZ-003
  unit_price: 39.99
  quantity: 1
  is_online: true
  customer_id: CUST-5889
  is_new_customer: false
  device_type: tablet
  payment_method: paypal
  referral_source: organic
  discount_code: 
  customer_note: 
}
2026-06-11 17:43:03 | INFO | P03 |   Sending message with key=US-CA
2026-06-11 17:43:03 | INFO | P03 |   MESSAGE SENT  sent=8
2026-06-11 17:43:04 | INFO | P03 | {
  order_id: 67bd3492-cc96-429a-9a91-1b4d2132d261
  datetime: 2026-05-04T09:19:00Z
  region_id: CA-ON
  currency_code: CAD
  product_id: PY-VIZ-003
  unit_price: 39.99
  quantity: 1
  is_online: true
  customer_id: CUST-4770
  is_new_customer: false
  device_type: desktop
  payment_method: credit_card
  referral_source: paid_search
  discount_code: 
  customer_note: Excellent content
}
2026-06-11 17:43:04 | INFO | P03 |   Sending message with key=CA-ON
2026-06-11 17:43:04 | INFO | P03 |   MESSAGE SENT  sent=9
2026-06-11 17:43:05 | INFO | P03 | {
  order_id: 0a021628-6937-4876-8875-b00c07a39e0f
  datetime: 2026-05-04T09:37:00Z
  region_id: MX-CMX
  currency_code: MXN
  product_id: PY-DATA-002
  unit_price: 49.99
  quantity: 1
  is_online: true
  customer_id: CUST-6168
  is_new_customer: false
  device_type: desktop
  payment_method: paypal
  referral_source: organic
  discount_code: 
  customer_note: 
}
2026-06-11 17:43:05 | INFO | P03 |   Sending message with key=MX-CMX
2026-06-11 17:43:05 | INFO | P03 |   MESSAGE SENT  sent=10
2026-06-11 17:43:06 | INFO | P03 | {
  order_id: b05fc600-a5fc-4826-934c-cc1f188b0715
  datetime: 2026-05-04T09:42:00Z
  region_id: US-MO
  currency_code: USD
  product_id: PY-DATA-002
  unit_price: 49.99
  quantity: 3
  is_online: true
  customer_id: CUST-3340
  is_new_customer: false
  device_type: tablet
  payment_method: credit_card
  referral_source: organic
  discount_code: 
  customer_note: Recommended by a colleague
}
2026-06-11 17:43:06 | INFO | P03 |   Sending message with key=US-MO
2026-06-11 17:43:06 | INFO | P03 |   MESSAGE SENT  sent=11
2026-06-11 17:43:07 | INFO | P03 | {
  order_id: 03d437fb-6966-47ad-a67a-728630c8b3f8
  datetime: 2026-05-04T10:06:00Z
  region_id: US-MO
  currency_code: USD
  product_id: PY-INTRO-001
  unit_price: 29.99
  quantity: 1
  is_online: true
  customer_id: CUST-8668
  is_new_customer: false
  device_type: mobile
  payment_method: apple_pay
  referral_source: email
  discount_code: 
  customer_note: 
}
2026-06-11 17:43:07 | INFO | P03 |   Sending message with key=US-MO
2026-06-11 17:43:07 | INFO | P03 |   MESSAGE SENT  sent=12
2026-06-11 17:43:08 | INFO | P03 | {
  order_id: 6914aea4-448f-4dc1-b68f-0fe4a2c06188
  datetime: 2026-05-04T10:15:00Z
  region_id: US-TX
  currency_code: USD
  product_id: PY-DATA-002
  unit_price: 49.99
  quantity: 1
  is_online: true
  customer_id: CUST-2827
  is_new_customer: false
  device_type: tablet
  payment_method: credit_card
  referral_source: organic
  discount_code: 
  customer_note: Learning at my own pace
}
2026-06-11 17:43:08 | INFO | P03 |   Sending message with key=US-TX
2026-06-11 17:43:08 | INFO | P03 |   MESSAGE SENT  sent=13
2026-06-11 17:43:09 | INFO | P03 | {
  order_id: e1adb233-3aa8-4d60-9684-1ddf52e9d656
  datetime: 2026-05-04T10:16:00Z
  region_id: US-MO
  currency_code: USD
  product_id: PY-STREAM-005
  unit_price: 59.99
  quantity: 5
  is_online: false
  customer_id: CUST-4295
  is_new_customer: false
  device_type: desktop
  payment_method: paypal
  referral_source: organic
  discount_code: 
  customer_note: For my study group
}
2026-06-11 17:43:09 | INFO | P03 |   Sending message with key=US-MO
2026-06-11 17:43:10 | INFO | P03 |   MESSAGE SENT  sent=14
2026-06-11 17:43:11 | INFO | P03 | {
  order_id: 80e9a9ea-9add-4d51-981a-d26aaacd4dc9
  datetime: 2026-05-04T10:30:00Z
  region_id: US-MO
  currency_code: USD
  product_id: PY-DATA-002
  unit_price: 49.99
  quantity: 1
  is_online: true
  customer_id: CUST-8953
  is_new_customer: false
  device_type: desktop
  payment_method: credit_card
  referral_source: social
  discount_code: 
  customer_note: For my study group
}
2026-06-11 17:43:11 | INFO | P03 |   Sending message with key=US-MO
2026-06-11 17:43:11 | INFO | P03 |   MESSAGE SENT  sent=15
2026-06-11 17:43:12 | INFO | P03 | Checking for rejected records...
2026-06-11 17:43:12 | INFO | P03 |   No records rejected.
2026-06-11 17:43:12 | INFO | P03 | ========================
2026-06-11 17:43:12 | INFO | P03 | SECTION E. Exit
2026-06-11 17:43:12 | INFO | P03 | ========================
2026-06-11 17:43:12 | INFO | P03 | Summary:
2026-06-11 17:43:12 | INFO | P03 | Sent 15 message(s) to topic 'streaming-04-visualization-kjleopold'.
2026-06-11 17:43:12 | INFO | P03 | Rejected 0 message(s).
2026-06-11 17:43:12 | INFO | P03 | ========================
2026-06-11 17:43:12 | INFO | P03 | Producer executed successfully!
2026-06-11 17:43:12 | INFO | P03 | ========================
2026-06-11 17:44:58 | DEBUG | P03 | KAFKA_BOOTSTRAP_SERVERS           = localhost:9092
2026-06-11 17:44:58 | DEBUG | P03 | KAFKA_BROKER_ADDRESS_FAMILY       = v6
2026-06-11 17:44:58 | DEBUG | P03 | KAFKA_TOPIC                       = streaming-04-visualization-kjleopold
2026-06-11 17:44:58 | DEBUG | P03 | KAFKA_CLEAR_TOPIC_ON_START        = true
2026-06-11 17:44:58 | DEBUG | P03 | PRODUCER_MESSAGE_COUNT            = 15
2026-06-11 17:44:58 | DEBUG | P03 | PRODUCER_MESSAGE_INTERVAL_SECONDS = 1
2026-06-11 17:44:58 | DEBUG | P03 | PRODUCER_MAX_MESSAGES             = 200
2026-06-11 17:44:58 | DEBUG | P03 | PRODUCER_POLL_INTERVAL_SECONDS    = 15
2026-06-11 17:44:58 | DEBUG | P03 | KAFKA_GROUP_ID                    = streaming-consumer-group-A
2026-06-11 17:44:58 | DEBUG | P03 | KAFKA_AUTO_OFFSET_RESET           = earliest
2026-06-11 17:44:58 | DEBUG | P03 | CONSUMER_TIMEOUT_SECONDS          = 10
2026-06-11 17:44:58 | DEBUG | P03 | CONSUMER_MAX_MESSAGES             = 1000
2026-06-11 17:44:58 | INFO | P03 | === RUN START ===
2026-06-11 17:44:58 | INFO | P03 | project=P03
2026-06-11 17:44:58 | INFO | P03 | repo_dir=streaming-04-visualization
2026-06-11 17:44:58 | INFO | P03 | python=3.14.5
2026-06-11 17:44:59 | INFO | P03 | os=Windows 11
2026-06-11 17:44:59 | INFO | P03 | shell=powershell
2026-06-11 17:44:59 | INFO | P03 | cwd=.
2026-06-11 17:44:59 | INFO | P03 | github_actions=False
2026-06-11 17:44:59 | INFO | P03 | ========================
2026-06-11 17:44:59 | INFO | P03 | START producer main()
2026-06-11 17:44:59 | INFO | P03 | ========================
2026-06-11 17:44:59 | INFO | P03 | ROOT_DIR = .
2026-06-11 17:44:59 | INFO | P03 | DATA_DIR = data
2026-06-11 17:44:59 | INFO | P03 | SALES_CSV = data\sales.csv
2026-06-11 17:44:59 | INFO | P03 | REGIONS_CSV = data\regions.csv
2026-06-11 17:44:59 | INFO | P03 | PRODUCTS_CSV = data\products.csv
2026-06-11 17:44:59 | INFO | P03 | REJECTED_SALES_CSV = data\output\producer_rejected_sales.csv
2026-06-11 17:44:59 | INFO | P03 | ========================
2026-06-11 17:44:59 | INFO | P03 | SECTION A. Acquire
2026-06-11 17:44:59 | INFO | P03 | ========================
2026-06-11 17:44:59 | INFO | P03 | Loading settings from .env...
2026-06-11 17:44:59 | INFO | P03 | KAFKA_BOOTSTRAP_SERVERS           = localhost:9092
2026-06-11 17:44:59 | INFO | P03 | KAFKA_TOPIC                       = streaming-04-visualization-kjleopold
2026-06-11 17:44:59 | INFO | P03 | PRODUCER_MESSAGE_COUNT            = 15
2026-06-11 17:44:59 | INFO | P03 | PRODUCER_MESSAGE_INTERVAL_SECONDS = 1.0
2026-06-11 17:44:59 | INFO | P03 | KAFKA_CLEAR_TOPIC_ON_START        = True
2026-06-11 17:44:59 | INFO | P03 | Verifying Kafka connection...
2026-06-11 17:44:59 | INFO | P03 | Kafka port is reachable.
2026-06-11 17:45:01 | DEBUG | C04 | KAFKA_BOOTSTRAP_SERVERS           = localhost:9092
2026-06-11 17:45:01 | DEBUG | C04 | KAFKA_BROKER_ADDRESS_FAMILY       = v6
2026-06-11 17:45:01 | DEBUG | C04 | KAFKA_TOPIC                       = streaming-04-visualization-kjleopold
2026-06-11 17:45:01 | DEBUG | C04 | KAFKA_CLEAR_TOPIC_ON_START        = true
2026-06-11 17:45:01 | DEBUG | C04 | PRODUCER_MESSAGE_COUNT            = 15
2026-06-11 17:45:01 | DEBUG | C04 | PRODUCER_MESSAGE_INTERVAL_SECONDS = 1
2026-06-11 17:45:01 | DEBUG | C04 | PRODUCER_MAX_MESSAGES             = 200
2026-06-11 17:45:01 | DEBUG | C04 | PRODUCER_POLL_INTERVAL_SECONDS    = 15
2026-06-11 17:45:01 | DEBUG | C04 | KAFKA_GROUP_ID                    = streaming-consumer-group-A
2026-06-11 17:45:01 | DEBUG | C04 | KAFKA_AUTO_OFFSET_RESET           = earliest
2026-06-11 17:45:01 | DEBUG | C04 | CONSUMER_TIMEOUT_SECONDS          = 10
2026-06-11 17:45:01 | DEBUG | C04 | CONSUMER_MAX_MESSAGES             = 1000
2026-06-11 17:45:01 | INFO | C04 | === RUN START ===
2026-06-11 17:45:01 | INFO | C04 | project=C04
2026-06-11 17:45:01 | INFO | C04 | repo_dir=streaming-04-visualization
2026-06-11 17:45:01 | INFO | C04 | python=3.14.5
2026-06-11 17:45:01 | INFO | C04 | os=Windows 11
2026-06-11 17:45:01 | INFO | C04 | shell=powershell
2026-06-11 17:45:01 | INFO | C04 | cwd=.
2026-06-11 17:45:01 | INFO | C04 | github_actions=False
2026-06-11 17:45:01 | INFO | C04 | ========================
2026-06-11 17:45:01 | INFO | C04 | START consumer main()
2026-06-11 17:45:01 | INFO | C04 | ========================
2026-06-11 17:45:01 | INFO | C04 | ROOT_DIR = .
2026-06-11 17:45:01 | INFO | C04 | DATA_DIR = data
2026-06-11 17:45:01 | INFO | C04 | OUTPUT_CSV = data\output\consumed_sales_kjleopold.csv
2026-06-11 17:45:01 | INFO | C04 | OUTPUT_CHART = data\output\sales_chart_kjleopold.png
2026-06-11 17:45:01 | INFO | C04 | REGIONS_CSV = data\regions.csv
2026-06-11 17:45:01 | INFO | C04 | PRODUCTS_CSV = data\products.csv
2026-06-11 17:45:01 | INFO | C04 | CURRENCIES_CSV = data\currencies.csv
2026-06-11 17:45:01 | INFO | C04 | DISCOUNT_CODES_CSV = data\discount_codes.csv
2026-06-11 17:45:01 | INFO | C04 | ========================
2026-06-11 17:45:01 | INFO | C04 | SECTION A. Acquire
2026-06-11 17:45:01 | INFO | C04 | ========================
2026-06-11 17:45:01 | INFO | C04 | Loading settings from .env...
2026-06-11 17:45:01 | INFO | C04 | KAFKA_BOOTSTRAP_SERVERS  = localhost:9092
2026-06-11 17:45:01 | INFO | C04 | KAFKA_TOPIC              = streaming-04-visualization-kjleopold
2026-06-11 17:45:01 | INFO | C04 | KAFKA_GROUP_ID           = streaming-consumer-group-A
2026-06-11 17:45:01 | INFO | C04 | CONSUMER_TIMEOUT_SECONDS = 10.0
2026-06-11 17:45:01 | INFO | C04 | CONSUMER_MAX_MESSAGES    = 1000
2026-06-11 17:45:01 | INFO | C04 | Verifying Kafka connection...
2026-06-11 17:45:01 | INFO | C04 | Kafka port is reachable.
2026-06-11 17:45:01 | INFO | C04 | Verifying Kafka topic...
2026-06-11 17:45:03 | INFO | C04 | Topic 'streaming-04-visualization-kjleopold' exists.
2026-06-11 17:45:03 | INFO | C04 | Found 15 message(s) available.
2026-06-11 17:45:03 | INFO | C04 | Creating Kafka consumer...
2026-06-11 17:45:03 | INFO | C04 | Subscribed to topic: 'streaming-04-visualization-kjleopold' (reading from beginning)
2026-06-11 17:45:03 | INFO | C04 | ========================
2026-06-11 17:45:03 | INFO | C04 | SECTION C. Consume and Process Messages
2026-06-11 17:45:03 | INFO | C04 | ========================
2026-06-11 17:45:03 | INFO | C04 | Initializing output...
2026-06-11 17:45:03 | INFO | C04 | Output CSV cleared: consumed_sales_kjleopold.csv
2026-06-11 17:45:10 | INFO | P03 | Loading validation reference data...
2026-06-11 17:45:10 | INFO | P03 | Found 6 valid regions, 6 valid products.
2026-06-11 17:45:10 | INFO | P03 | ========================
2026-06-11 17:45:10 | INFO | P03 | SECTION P. Produce Messages
2026-06-11 17:45:10 | INFO | P03 | ========================
2026-06-11 17:45:10 | INFO | P03 | Initializing output...
2026-06-11 17:45:10 | INFO | P03 | Output directory ready: output
2026-06-11 17:45:10 | INFO | P03 | Sending messages...
2026-06-11 17:45:10 | INFO | P03 | Sending up to 15 message(s) to topic 'streaming-04-visualization-kjleopold'.
2026-06-11 17:45:10 | INFO | P03 | Watch each sale arrive. Press CTRL+C to stop early.

2026-06-11 17:45:10 | INFO | P03 | {
  order_id: e7324981-a9f0-419f-b708-d0a333451fff
  datetime: 2026-05-04T08:11:00Z
  region_id: US-TX
  currency_code: USD
  product_id: PY-STREAM-005
  unit_price: 59.99
  quantity: 3
  is_online: true
  customer_id: CUST-4150
  is_new_customer: false
  device_type: tablet
  payment_method: paypal
  referral_source: paid_search
  discount_code: 
  customer_note: Gift for my team
}
2026-06-11 17:45:10 | INFO | P03 |   Sending message with key=US-TX
2026-06-11 17:45:10 | INFO | P03 |   MESSAGE SENT  sent=1
2026-06-11 17:45:11 | INFO | P03 | {
  order_id: d61943e0-f543-4b5f-9c9a-18605ea4cfe5
  datetime: 2026-05-04T08:23:00Z
  region_id: US-TX
  currency_code: USD
  product_id: PY-DATA-002
  unit_price: 49.99
  quantity: 1
  is_online: true
  customer_id: CUST-1106
  is_new_customer: false
  device_type: mobile
  payment_method: paypal
  referral_source: paid_search
  discount_code: 
  customer_note: Gift for my team
}
2026-06-11 17:45:11 | INFO | P03 |   Sending message with key=US-TX
2026-06-11 17:45:11 | INFO | P03 |   MESSAGE SENT  sent=2
2026-06-11 17:45:12 | INFO | P03 | {
  order_id: 14da1915-8e74-47be-9e10-f7275d31af46
  datetime: 2026-05-04T08:28:00Z
  region_id: CA-QC
  currency_code: CAD
  product_id: PY-NLP-006
  unit_price: 54.99
  quantity: 1
  is_online: true
  customer_id: CUST-2133
  is_new_customer: false
  device_type: desktop
  payment_method: paypal
  referral_source: organic
  discount_code: 
  customer_note: Learning at my own pace
}
2026-06-11 17:45:12 | INFO | P03 |   Sending message with key=CA-QC
2026-06-11 17:45:12 | INFO | P03 |   MESSAGE SENT  sent=3
2026-06-11 17:45:13 | INFO | P03 | {
  order_id: d77ed935-9b28-431d-bc25-0a3fd98f4154
  datetime: 2026-05-04T08:40:00Z
  region_id: US-CA
  currency_code: USD
  product_id: PY-STREAM-005
  unit_price: 59.99
  quantity: 1
  is_online: true
  customer_id: CUST-5333
  is_new_customer: false
  device_type: mobile
  payment_method: paypal
  referral_source: organic
  discount_code: 
  customer_note: Highly recommend
}
2026-06-11 17:45:13 | INFO | P03 |   Sending message with key=US-CA
2026-06-11 17:45:13 | INFO | P03 |   MESSAGE SENT  sent=4
2026-06-11 17:45:14 | INFO | P03 | {
  order_id: 24b91995-25f8-4ad7-8fa6-2e4c15750e5e
  datetime: 2026-05-04T08:41:00Z
  region_id: US-MO
  currency_code: USD
  product_id: PY-VIZ-003
  unit_price: 39.99
  quantity: 1
  is_online: true
  customer_id: CUST-8573
  is_new_customer: false
  device_type: mobile
  payment_method: apple_pay
  referral_source: paid_search
  discount_code: 
  customer_note: Learning at my own pace
}
2026-06-11 17:45:14 | INFO | P03 |   Sending message with key=US-MO
2026-06-11 17:45:14 | INFO | P03 |   MESSAGE SENT  sent=5
2026-06-11 17:45:15 | INFO | P03 | {
  order_id: 1ec0fc8b-998c-4f43-8a66-19e1fa7d5fa8
  datetime: 2026-05-04T08:54:00Z
  region_id: CA-ON
  currency_code: CAD
  product_id: PY-SQL-004
  unit_price: 44.99
  quantity: 1
  is_online: true
  customer_id: CUST-8062
  is_new_customer: false
  device_type: tablet
  payment_method: paypal
  referral_source: organic
  discount_code: 
  customer_note: 
}
2026-06-11 17:45:15 | INFO | P03 |   Sending message with key=CA-ON
2026-06-11 17:45:15 | INFO | P03 |   MESSAGE SENT  sent=6
2026-06-11 17:45:16 | INFO | P03 | {
  order_id: 392dd49b-b385-499c-9b4a-a38387fa39ae
  datetime: 2026-05-04T09:07:00Z
  region_id: CA-ON
  currency_code: CAD
  product_id: PY-INTRO-001
  unit_price: 29.99
  quantity: 1
  is_online: false
  customer_id: CUST-9348
  is_new_customer: false
  device_type: desktop
  payment_method: credit_card
  referral_source: paid_search
  discount_code: 
  customer_note: For my study group
}
2026-06-11 17:45:16 | INFO | P03 |   Sending message with key=CA-ON
2026-06-11 17:45:16 | INFO | P03 |   MESSAGE SENT  sent=7
2026-06-11 17:45:17 | INFO | P03 | {
  order_id: 02782ab7-dd7d-4ebe-8abc-ef81cdc4193b
  datetime: 2026-05-04T09:15:00Z
  region_id: US-CA
  currency_code: USD
  product_id: PY-VIZ-003
  unit_price: 39.99
  quantity: 1
  is_online: true
  customer_id: CUST-5889
  is_new_customer: false
  device_type: tablet
  payment_method: paypal
  referral_source: organic
  discount_code: 
  customer_note: 
}
2026-06-11 17:45:17 | INFO | P03 |   Sending message with key=US-CA
2026-06-11 17:45:17 | INFO | P03 |   MESSAGE SENT  sent=8
2026-06-11 17:45:18 | INFO | P03 | {
  order_id: 67bd3492-cc96-429a-9a91-1b4d2132d261
  datetime: 2026-05-04T09:19:00Z
  region_id: CA-ON
  currency_code: CAD
  product_id: PY-VIZ-003
  unit_price: 39.99
  quantity: 1
  is_online: true
  customer_id: CUST-4770
  is_new_customer: false
  device_type: desktop
  payment_method: credit_card
  referral_source: paid_search
  discount_code: 
  customer_note: Excellent content
}
2026-06-11 17:45:18 | INFO | P03 |   Sending message with key=CA-ON
2026-06-11 17:45:18 | INFO | P03 |   MESSAGE SENT  sent=9
2026-06-11 17:45:19 | INFO | P03 | {
  order_id: 0a021628-6937-4876-8875-b00c07a39e0f
  datetime: 2026-05-04T09:37:00Z
  region_id: MX-CMX
  currency_code: MXN
  product_id: PY-DATA-002
  unit_price: 49.99
  quantity: 1
  is_online: true
  customer_id: CUST-6168
  is_new_customer: false
  device_type: desktop
  payment_method: paypal
  referral_source: organic
  discount_code: 
  customer_note: 
}
2026-06-11 17:45:19 | INFO | P03 |   Sending message with key=MX-CMX
2026-06-11 17:45:19 | INFO | P03 |   MESSAGE SENT  sent=10
2026-06-11 17:45:20 | INFO | P03 | {
  order_id: b05fc600-a5fc-4826-934c-cc1f188b0715
  datetime: 2026-05-04T09:42:00Z
  region_id: US-MO
  currency_code: USD
  product_id: PY-DATA-002
  unit_price: 49.99
  quantity: 3
  is_online: true
  customer_id: CUST-3340
  is_new_customer: false
  device_type: tablet
  payment_method: credit_card
  referral_source: organic
  discount_code: 
  customer_note: Recommended by a colleague
}
2026-06-11 17:45:20 | INFO | P03 |   Sending message with key=US-MO
2026-06-11 17:45:20 | INFO | P03 |   MESSAGE SENT  sent=11
2026-06-11 17:45:21 | INFO | P03 | {
  order_id: 03d437fb-6966-47ad-a67a-728630c8b3f8
  datetime: 2026-05-04T10:06:00Z
  region_id: US-MO
  currency_code: USD
  product_id: PY-INTRO-001
  unit_price: 29.99
  quantity: 1
  is_online: true
  customer_id: CUST-8668
  is_new_customer: false
  device_type: mobile
  payment_method: apple_pay
  referral_source: email
  discount_code: 
  customer_note: 
}
2026-06-11 17:45:21 | INFO | P03 |   Sending message with key=US-MO
2026-06-11 17:45:21 | INFO | P03 |   MESSAGE SENT  sent=12
2026-06-11 17:45:22 | INFO | P03 | {
  order_id: 6914aea4-448f-4dc1-b68f-0fe4a2c06188
  datetime: 2026-05-04T10:15:00Z
  region_id: US-TX
  currency_code: USD
  product_id: PY-DATA-002
  unit_price: 49.99
  quantity: 1
  is_online: true
  customer_id: CUST-2827
  is_new_customer: false
  device_type: tablet
  payment_method: credit_card
  referral_source: organic
  discount_code: 
  customer_note: Learning at my own pace
}
2026-06-11 17:45:22 | INFO | P03 |   Sending message with key=US-TX
2026-06-11 17:45:22 | INFO | P03 |   MESSAGE SENT  sent=13
2026-06-11 17:45:23 | INFO | P03 | {
  order_id: e1adb233-3aa8-4d60-9684-1ddf52e9d656
  datetime: 2026-05-04T10:16:00Z
  region_id: US-MO
  currency_code: USD
  product_id: PY-STREAM-005
  unit_price: 59.99
  quantity: 5
  is_online: false
  customer_id: CUST-4295
  is_new_customer: false
  device_type: desktop
  payment_method: paypal
  referral_source: organic
  discount_code: 
  customer_note: For my study group
}
2026-06-11 17:45:23 | INFO | P03 |   Sending message with key=US-MO
2026-06-11 17:45:24 | INFO | P03 |   MESSAGE SENT  sent=14
2026-06-11 17:45:25 | INFO | P03 | {
  order_id: 80e9a9ea-9add-4d51-981a-d26aaacd4dc9
  datetime: 2026-05-04T10:30:00Z
  region_id: US-MO
  currency_code: USD
  product_id: PY-DATA-002
  unit_price: 49.99
  quantity: 1
  is_online: true
  customer_id: CUST-8953
  is_new_customer: false
  device_type: desktop
  payment_method: credit_card
  referral_source: social
  discount_code: 
  customer_note: For my study group
}
2026-06-11 17:45:25 | INFO | P03 |   Sending message with key=US-MO
2026-06-11 17:45:25 | INFO | P03 |   MESSAGE SENT  sent=15
2026-06-11 17:45:26 | INFO | P03 | Checking for rejected records...
2026-06-11 17:45:26 | INFO | P03 |   No records rejected.
2026-06-11 17:45:26 | INFO | P03 | ========================
2026-06-11 17:45:26 | INFO | P03 | SECTION E. Exit
2026-06-11 17:45:26 | INFO | P03 | ========================
2026-06-11 17:45:26 | INFO | P03 | Summary:
2026-06-11 17:45:26 | INFO | P03 | Sent 15 message(s) to topic 'streaming-04-visualization-kjleopold'.
2026-06-11 17:45:26 | INFO | P03 | Rejected 0 message(s).
2026-06-11 17:45:26 | INFO | P03 | ========================
2026-06-11 17:45:26 | INFO | P03 | Producer executed successfully!
2026-06-11 17:45:26 | INFO | P03 | ========================
2026-06-11 17:50:13 | DEBUG | P03 | KAFKA_BOOTSTRAP_SERVERS           = localhost:9092
2026-06-11 17:50:13 | DEBUG | P03 | KAFKA_BROKER_ADDRESS_FAMILY       = v6
2026-06-11 17:50:13 | DEBUG | P03 | KAFKA_TOPIC                       = streaming-04-visualization-kjleopold
2026-06-11 17:50:13 | DEBUG | P03 | KAFKA_CLEAR_TOPIC_ON_START        = true
2026-06-11 17:50:13 | DEBUG | P03 | PRODUCER_MESSAGE_COUNT            = 15
2026-06-11 17:50:13 | DEBUG | P03 | PRODUCER_MESSAGE_INTERVAL_SECONDS = 1
2026-06-11 17:50:13 | DEBUG | P03 | PRODUCER_MAX_MESSAGES             = 200
2026-06-11 17:50:13 | DEBUG | P03 | PRODUCER_POLL_INTERVAL_SECONDS    = 15
2026-06-11 17:50:13 | DEBUG | P03 | KAFKA_GROUP_ID                    = streaming-consumer-group-A
2026-06-11 17:50:13 | DEBUG | P03 | KAFKA_AUTO_OFFSET_RESET           = earliest
2026-06-11 17:50:13 | DEBUG | P03 | CONSUMER_TIMEOUT_SECONDS          = 10
2026-06-11 17:50:13 | DEBUG | P03 | CONSUMER_MAX_MESSAGES             = 1000
2026-06-11 17:50:13 | INFO | P03 | === RUN START ===
2026-06-11 17:50:13 | INFO | P03 | project=P03
2026-06-11 17:50:13 | INFO | P03 | repo_dir=streaming-04-visualization
2026-06-11 17:50:13 | INFO | P03 | python=3.14.5
2026-06-11 17:50:13 | INFO | P03 | os=Windows 11
2026-06-11 17:50:13 | INFO | P03 | shell=powershell
2026-06-11 17:50:13 | INFO | P03 | cwd=.
2026-06-11 17:50:13 | INFO | P03 | github_actions=False
2026-06-11 17:50:13 | INFO | P03 | ========================
2026-06-11 17:50:13 | INFO | P03 | START producer main()
2026-06-11 17:50:13 | INFO | P03 | ========================
2026-06-11 17:50:13 | INFO | P03 | ROOT_DIR = .
2026-06-11 17:50:13 | INFO | P03 | DATA_DIR = data
2026-06-11 17:50:13 | INFO | P03 | SALES_CSV = data\sales.csv
2026-06-11 17:50:13 | INFO | P03 | REGIONS_CSV = data\regions.csv
2026-06-11 17:50:13 | INFO | P03 | PRODUCTS_CSV = data\products.csv
2026-06-11 17:50:13 | INFO | P03 | REJECTED_SALES_CSV = data\output\producer_rejected_sales.csv
2026-06-11 17:50:13 | INFO | P03 | ========================
2026-06-11 17:50:13 | INFO | P03 | SECTION A. Acquire
2026-06-11 17:50:13 | INFO | P03 | ========================
2026-06-11 17:50:13 | INFO | P03 | Loading settings from .env...
2026-06-11 17:50:13 | INFO | P03 | KAFKA_BOOTSTRAP_SERVERS           = localhost:9092
2026-06-11 17:50:13 | INFO | P03 | KAFKA_TOPIC                       = streaming-04-visualization-kjleopold
2026-06-11 17:50:13 | INFO | P03 | PRODUCER_MESSAGE_COUNT            = 15
2026-06-11 17:50:13 | INFO | P03 | PRODUCER_MESSAGE_INTERVAL_SECONDS = 1.0
2026-06-11 17:50:13 | INFO | P03 | KAFKA_CLEAR_TOPIC_ON_START        = True
2026-06-11 17:50:13 | INFO | P03 | Verifying Kafka connection...
2026-06-11 17:50:13 | INFO | P03 | Kafka port is reachable.
2026-06-11 17:50:16 | DEBUG | C04 | KAFKA_BOOTSTRAP_SERVERS           = localhost:9092
2026-06-11 17:50:16 | DEBUG | C04 | KAFKA_BROKER_ADDRESS_FAMILY       = v6
2026-06-11 17:50:16 | DEBUG | C04 | KAFKA_TOPIC                       = streaming-04-visualization-kjleopold
2026-06-11 17:50:16 | DEBUG | C04 | KAFKA_CLEAR_TOPIC_ON_START        = true
2026-06-11 17:50:16 | DEBUG | C04 | PRODUCER_MESSAGE_COUNT            = 15
2026-06-11 17:50:16 | DEBUG | C04 | PRODUCER_MESSAGE_INTERVAL_SECONDS = 1
2026-06-11 17:50:16 | DEBUG | C04 | PRODUCER_MAX_MESSAGES             = 200
2026-06-11 17:50:16 | DEBUG | C04 | PRODUCER_POLL_INTERVAL_SECONDS    = 15
2026-06-11 17:50:16 | DEBUG | C04 | KAFKA_GROUP_ID                    = streaming-consumer-group-A
2026-06-11 17:50:16 | DEBUG | C04 | KAFKA_AUTO_OFFSET_RESET           = earliest
2026-06-11 17:50:16 | DEBUG | C04 | CONSUMER_TIMEOUT_SECONDS          = 10
2026-06-11 17:50:16 | DEBUG | C04 | CONSUMER_MAX_MESSAGES             = 1000
2026-06-11 17:50:16 | INFO | C04 | === RUN START ===
2026-06-11 17:50:16 | INFO | C04 | project=C04
2026-06-11 17:50:16 | INFO | C04 | repo_dir=streaming-04-visualization
2026-06-11 17:50:16 | INFO | C04 | python=3.14.5
2026-06-11 17:50:16 | INFO | C04 | os=Windows 11
2026-06-11 17:50:16 | INFO | C04 | shell=powershell
2026-06-11 17:50:16 | INFO | C04 | cwd=.
2026-06-11 17:50:16 | INFO | C04 | github_actions=False
2026-06-11 17:50:16 | INFO | C04 | ========================
2026-06-11 17:50:16 | INFO | C04 | START consumer main()
2026-06-11 17:50:16 | INFO | C04 | ========================
2026-06-11 17:50:16 | INFO | C04 | ROOT_DIR = .
2026-06-11 17:50:16 | INFO | C04 | DATA_DIR = data
2026-06-11 17:50:16 | INFO | C04 | OUTPUT_CSV = data\output\consumed_sales_kjleopold.csv
2026-06-11 17:50:16 | INFO | C04 | OUTPUT_CHART = data\output\sales_chart_kjleopold.png
2026-06-11 17:50:16 | INFO | C04 | REGIONS_CSV = data\regions.csv
2026-06-11 17:50:16 | INFO | C04 | PRODUCTS_CSV = data\products.csv
2026-06-11 17:50:16 | INFO | C04 | CURRENCIES_CSV = data\currencies.csv
2026-06-11 17:50:16 | INFO | C04 | DISCOUNT_CODES_CSV = data\discount_codes.csv
2026-06-11 17:50:16 | INFO | C04 | ========================
2026-06-11 17:50:16 | INFO | C04 | SECTION A. Acquire
2026-06-11 17:50:16 | INFO | C04 | ========================
2026-06-11 17:50:16 | INFO | C04 | Loading settings from .env...
2026-06-11 17:50:16 | INFO | C04 | KAFKA_BOOTSTRAP_SERVERS  = localhost:9092
2026-06-11 17:50:16 | INFO | C04 | KAFKA_TOPIC              = streaming-04-visualization-kjleopold
2026-06-11 17:50:16 | INFO | C04 | KAFKA_GROUP_ID           = streaming-consumer-group-A
2026-06-11 17:50:16 | INFO | C04 | CONSUMER_TIMEOUT_SECONDS = 10.0
2026-06-11 17:50:16 | INFO | C04 | CONSUMER_MAX_MESSAGES    = 1000
2026-06-11 17:50:16 | INFO | C04 | Verifying Kafka connection...
2026-06-11 17:50:16 | INFO | C04 | Kafka port is reachable.
2026-06-11 17:50:16 | INFO | C04 | Verifying Kafka topic...
2026-06-11 17:50:16 | INFO | C04 | Topic 'streaming-04-visualization-kjleopold' exists.
2026-06-11 17:50:16 | INFO | C04 | Found 15 message(s) available.
2026-06-11 17:50:16 | INFO | C04 | Creating Kafka consumer...
2026-06-11 17:50:16 | INFO | C04 | Subscribed to topic: 'streaming-04-visualization-kjleopold' (reading from beginning)
2026-06-11 17:50:16 | INFO | C04 | ========================
2026-06-11 17:50:16 | INFO | C04 | SECTION C. Consume and Process Messages
2026-06-11 17:50:16 | INFO | C04 | ========================
2026-06-11 17:50:16 | INFO | C04 | Initializing output...
2026-06-11 17:50:16 | INFO | C04 | Output CSV cleared: consumed_sales_kjleopold.csv
2026-06-11 17:50:16 | INFO | C04 | Live chart initialized.
2026-06-11 17:50:16 | INFO | C04 | Loading enrichment reference data...
2026-06-11 17:50:16 | INFO | C04 | Found 6 region tax rates.
2026-06-11 17:50:16 | INFO | C04 | Consuming messages...
2026-06-11 17:50:16 | INFO | C04 | Waiting for up to 1000 message(s).
2026-06-11 17:50:16 | INFO | C04 | Press CTRL+C to stop early.

2026-06-11 17:50:19 | INFO | C04 | {'currency_code': 'USD', 'customer_id': 'CUST-4150', 'customer_note': 'Gift for my team', 'datetime': '2026-05-04T08:11:00Z', 'device_type': 'tablet', 'discount_code': '', 'is_new_customer': 'false', 'is_online': 'true', 'order_id': 'e7324981-a9f0-419f-b708-d0a333451fff', 'payment_method': 'paypal', 'product_id': 'PY-STREAM-005', 'quantity': '3', 'referral_source': 'paid_search', 'region_id': 'US-TX', 'unit_price': '59.99', '_kafka_key': 'US-TX', '_kafka_partition': 0, '_kafka_offset': 0}
2026-06-11 17:50:19 | INFO | C04 | subtotal=179.97
2026-06-11 17:50:19 | INFO | C04 | tax=14.85
2026-06-11 17:50:19 | INFO | C04 | total=194.82
2026-06-11 17:50:19 | INFO | C04 | running_total=194.82
2026-06-11 17:50:19 | INFO | C04 | MESSAGE ACCEPTED
2026-06-11 17:50:19 | INFO | C04 | order=e7324981-a9f0-419f-b708-d0a333451fff
2026-06-11 17:50:19 | INFO | C04 | total=$194.82
2026-06-11 17:50:19 | INFO | C04 | consumed=1
2026-06-11 17:50:19 | INFO | C04 | RUNNING STATS
2026-06-11 17:50:19 | INFO | C04 | total_sales=$194.82
2026-06-11 17:50:19 | INFO | C04 | average=$194.82
2026-06-11 17:50:19 | INFO | C04 | min=$194.82
2026-06-11 17:50:19 | INFO | C04 | max=$194.82
2026-06-11 17:50:19 | INFO | C04 | {'currency_code': 'USD', 'customer_id': 'CUST-1106', 'customer_note': 'Gift for my team', 'datetime': '2026-05-04T08:23:00Z', 'device_type': 'mobile', 'discount_code': '', 'is_new_customer': 'false', 'is_online': 'true', 'order_id': 'd61943e0-f543-4b5f-9c9a-18605ea4cfe5', 'payment_method': 'paypal', 'product_id': 'PY-DATA-002', 'quantity': '1', 'referral_source': 'paid_search', 'region_id': 'US-TX', 'unit_price': '49.99', '_kafka_key': 'US-TX', '_kafka_partition': 0, '_kafka_offset': 1}
2026-06-11 17:50:19 | INFO | C04 | subtotal=49.99
2026-06-11 17:50:19 | INFO | C04 | tax=4.12
2026-06-11 17:50:19 | INFO | C04 | total=54.11
2026-06-11 17:50:19 | INFO | C04 | running_total=248.93
2026-06-11 17:50:19 | INFO | C04 | MESSAGE ACCEPTED
2026-06-11 17:50:19 | INFO | C04 | order=d61943e0-f543-4b5f-9c9a-18605ea4cfe5
2026-06-11 17:50:19 | INFO | C04 | total=$54.11
2026-06-11 17:50:19 | INFO | C04 | consumed=2
2026-06-11 17:50:19 | INFO | C04 | RUNNING STATS
2026-06-11 17:50:19 | INFO | C04 | total_sales=$248.93
2026-06-11 17:50:19 | INFO | C04 | average=$124.47
2026-06-11 17:50:19 | INFO | C04 | min=$54.11
2026-06-11 17:50:19 | INFO | C04 | max=$194.82
2026-06-11 17:50:19 | INFO | C04 | {'currency_code': 'CAD', 'customer_id': 'CUST-2133', 'customer_note': 'Learning at my own pace', 'datetime': '2026-05-04T08:28:00Z', 'device_type': 'desktop', 'discount_code': '', 'is_new_customer': 'false', 'is_online': 'true', 'order_id': '14da1915-8e74-47be-9e10-f7275d31af46', 'payment_method': 'paypal', 'product_id': 'PY-NLP-006', 'quantity': '1', 'referral_source': 'organic', 'region_id': 'CA-QC', 'unit_price': '54.99', '_kafka_key': 'CA-QC', '_kafka_partition': 0, '_kafka_offset': 2}
2026-06-11 17:50:19 | INFO | C04 | subtotal=54.99
2026-06-11 17:50:19 | INFO | C04 | tax=8.23
2026-06-11 17:50:19 | INFO | C04 | total=63.22
2026-06-11 17:50:19 | INFO | C04 | running_total=312.15
2026-06-11 17:50:20 | INFO | C04 | MESSAGE ACCEPTED
2026-06-11 17:50:20 | INFO | C04 | order=14da1915-8e74-47be-9e10-f7275d31af46
2026-06-11 17:50:20 | INFO | C04 | total=$63.22
2026-06-11 17:50:20 | INFO | C04 | consumed=3
2026-06-11 17:50:20 | INFO | C04 | RUNNING STATS
2026-06-11 17:50:20 | INFO | C04 | total_sales=$312.15
2026-06-11 17:50:20 | INFO | C04 | average=$104.05
2026-06-11 17:50:20 | INFO | C04 | min=$54.11
2026-06-11 17:50:20 | INFO | C04 | max=$194.82
2026-06-11 17:50:20 | INFO | C04 | {'currency_code': 'USD', 'customer_id': 'CUST-5333', 'customer_note': 'Highly recommend', 'datetime': '2026-05-04T08:40:00Z', 'device_type': 'mobile', 'discount_code': '', 'is_new_customer': 'false', 'is_online': 'true', 'order_id': 'd77ed935-9b28-431d-bc25-0a3fd98f4154', 'payment_method': 'paypal', 'product_id': 'PY-STREAM-005', 'quantity': '1', 'referral_source': 'organic', 'region_id': 'US-CA', 'unit_price': '59.99', '_kafka_key': 'US-CA', '_kafka_partition': 0, '_kafka_offset': 3}
2026-06-11 17:50:20 | INFO | C04 | subtotal=59.99
2026-06-11 17:50:20 | INFO | C04 | tax=5.7
2026-06-11 17:50:20 | INFO | C04 | total=65.69
2026-06-11 17:50:20 | INFO | C04 | running_total=377.84
2026-06-11 17:50:20 | INFO | C04 | MESSAGE ACCEPTED
2026-06-11 17:50:20 | INFO | C04 | order=d77ed935-9b28-431d-bc25-0a3fd98f4154
2026-06-11 17:50:20 | INFO | C04 | total=$65.69
2026-06-11 17:50:20 | INFO | C04 | consumed=4
2026-06-11 17:50:20 | INFO | C04 | RUNNING STATS
2026-06-11 17:50:20 | INFO | C04 | total_sales=$377.84
2026-06-11 17:50:20 | INFO | C04 | average=$94.46
2026-06-11 17:50:20 | INFO | C04 | min=$54.11
2026-06-11 17:50:20 | INFO | C04 | max=$194.82
2026-06-11 17:50:20 | INFO | C04 | {'currency_code': 'USD', 'customer_id': 'CUST-8573', 'customer_note': 'Learning at my own pace', 'datetime': '2026-05-04T08:41:00Z', 'device_type': 'mobile', 'discount_code': '', 'is_new_customer': 'false', 'is_online': 'true', 'order_id': '24b91995-25f8-4ad7-8fa6-2e4c15750e5e', 'payment_method': 'apple_pay', 'product_id': 'PY-VIZ-003', 'quantity': '1', 'referral_source': 'paid_search', 'region_id': 'US-MO', 'unit_price': '39.99', '_kafka_key': 'US-MO', '_kafka_partition': 0, '_kafka_offset': 4}
2026-06-11 17:50:20 | INFO | C04 | subtotal=39.99
2026-06-11 17:50:20 | INFO | C04 | tax=3.2
2026-06-11 17:50:20 | INFO | C04 | total=43.19
2026-06-11 17:50:20 | INFO | C04 | running_total=421.03
2026-06-11 17:50:20 | INFO | C04 | MESSAGE ACCEPTED
2026-06-11 17:50:20 | INFO | C04 | order=24b91995-25f8-4ad7-8fa6-2e4c15750e5e
2026-06-11 17:50:20 | INFO | C04 | total=$43.19
2026-06-11 17:50:20 | INFO | C04 | consumed=5
2026-06-11 17:50:20 | INFO | C04 | RUNNING STATS
2026-06-11 17:50:20 | INFO | C04 | total_sales=$421.03
2026-06-11 17:50:20 | INFO | C04 | average=$84.21
2026-06-11 17:50:20 | INFO | C04 | min=$43.19
2026-06-11 17:50:20 | INFO | C04 | max=$194.82
2026-06-11 17:50:20 | INFO | C04 | {'currency_code': 'CAD', 'customer_id': 'CUST-8062', 'customer_note': '', 'datetime': '2026-05-04T08:54:00Z', 'device_type': 'tablet', 'discount_code': '', 'is_new_customer': 'false', 'is_online': 'true', 'order_id': '1ec0fc8b-998c-4f43-8a66-19e1fa7d5fa8', 'payment_method': 'paypal', 'product_id': 'PY-SQL-004', 'quantity': '1', 'referral_source': 'organic', 'region_id': 'CA-ON', 'unit_price': '44.99', '_kafka_key': 'CA-ON', '_kafka_partition': 0, '_kafka_offset': 5}
2026-06-11 17:50:20 | INFO | C04 | subtotal=44.99
2026-06-11 17:50:20 | INFO | C04 | tax=5.85
2026-06-11 17:50:20 | INFO | C04 | total=50.84
2026-06-11 17:50:20 | INFO | C04 | running_total=471.87
2026-06-11 17:50:20 | INFO | C04 | MESSAGE ACCEPTED
2026-06-11 17:50:20 | INFO | C04 | order=1ec0fc8b-998c-4f43-8a66-19e1fa7d5fa8
2026-06-11 17:50:20 | INFO | C04 | total=$50.84
2026-06-11 17:50:20 | INFO | C04 | consumed=6
2026-06-11 17:50:20 | INFO | C04 | RUNNING STATS
2026-06-11 17:50:20 | INFO | C04 | total_sales=$471.87
2026-06-11 17:50:20 | INFO | C04 | average=$78.64
2026-06-11 17:50:20 | INFO | C04 | min=$43.19
2026-06-11 17:50:20 | INFO | C04 | max=$194.82
2026-06-11 17:50:20 | INFO | C04 | {'currency_code': 'CAD', 'customer_id': 'CUST-9348', 'customer_note': 'For my study group', 'datetime': '2026-05-04T09:07:00Z', 'device_type': 'desktop', 'discount_code': '', 'is_new_customer': 'false', 'is_online': 'false', 'order_id': '392dd49b-b385-499c-9b4a-a38387fa39ae', 'payment_method': 'credit_card', 'product_id': 'PY-INTRO-001', 'quantity': '1', 'referral_source': 'paid_search', 'region_id': 'CA-ON', 'unit_price': '29.99', '_kafka_key': 'CA-ON', '_kafka_partition': 0, '_kafka_offset': 6}
2026-06-11 17:50:20 | INFO | C04 | subtotal=29.99
2026-06-11 17:50:20 | INFO | C04 | tax=3.9
2026-06-11 17:50:20 | INFO | C04 | total=33.89
2026-06-11 17:50:20 | INFO | C04 | running_total=505.76
2026-06-11 17:50:20 | INFO | C04 | MESSAGE ACCEPTED
2026-06-11 17:50:20 | INFO | C04 | order=392dd49b-b385-499c-9b4a-a38387fa39ae
2026-06-11 17:50:20 | INFO | C04 | total=$33.89
2026-06-11 17:50:20 | INFO | C04 | consumed=7
2026-06-11 17:50:20 | INFO | C04 | RUNNING STATS
2026-06-11 17:50:20 | INFO | C04 | total_sales=$505.76
2026-06-11 17:50:20 | INFO | C04 | average=$72.25
2026-06-11 17:50:20 | INFO | C04 | min=$33.89
2026-06-11 17:50:20 | INFO | C04 | max=$194.82
2026-06-11 17:50:20 | INFO | C04 | {'currency_code': 'USD', 'customer_id': 'CUST-5889', 'customer_note': '', 'datetime': '2026-05-04T09:15:00Z', 'device_type': 'tablet', 'discount_code': '', 'is_new_customer': 'false', 'is_online': 'true', 'order_id': '02782ab7-dd7d-4ebe-8abc-ef81cdc4193b', 'payment_method': 'paypal', 'product_id': 'PY-VIZ-003', 'quantity': '1', 'referral_source': 'organic', 'region_id': 'US-CA', 'unit_price': '39.99', '_kafka_key': 'US-CA', '_kafka_partition': 0, '_kafka_offset': 7}
2026-06-11 17:50:20 | INFO | C04 | subtotal=39.99
2026-06-11 17:50:20 | INFO | C04 | tax=3.8
2026-06-11 17:50:20 | INFO | C04 | total=43.79
2026-06-11 17:50:20 | INFO | C04 | running_total=549.55
2026-06-11 17:50:20 | INFO | C04 | MESSAGE ACCEPTED
2026-06-11 17:50:20 | INFO | C04 | order=02782ab7-dd7d-4ebe-8abc-ef81cdc4193b
2026-06-11 17:50:20 | INFO | C04 | total=$43.79
2026-06-11 17:50:20 | INFO | C04 | consumed=8
2026-06-11 17:50:20 | INFO | C04 | RUNNING STATS
2026-06-11 17:50:20 | INFO | C04 | total_sales=$549.55
2026-06-11 17:50:20 | INFO | C04 | average=$68.69
2026-06-11 17:50:20 | INFO | C04 | min=$33.89
2026-06-11 17:50:20 | INFO | C04 | max=$194.82
2026-06-11 17:50:20 | INFO | C04 | {'currency_code': 'CAD', 'customer_id': 'CUST-4770', 'customer_note': 'Excellent content', 'datetime': '2026-05-04T09:19:00Z', 'device_type': 'desktop', 'discount_code': '', 'is_new_customer': 'false', 'is_online': 'true', 'order_id': '67bd3492-cc96-429a-9a91-1b4d2132d261', 'payment_method': 'credit_card', 'product_id': 'PY-VIZ-003', 'quantity': '1', 'referral_source': 'paid_search', 'region_id': 'CA-ON', 'unit_price': '39.99', '_kafka_key': 'CA-ON', '_kafka_partition': 0, '_kafka_offset': 8}
2026-06-11 17:50:20 | INFO | C04 | subtotal=39.99
2026-06-11 17:50:20 | INFO | C04 | tax=5.2
2026-06-11 17:50:20 | INFO | C04 | total=45.19
2026-06-11 17:50:20 | INFO | C04 | running_total=594.74
2026-06-11 17:50:20 | INFO | C04 | MESSAGE ACCEPTED
2026-06-11 17:50:20 | INFO | C04 | order=67bd3492-cc96-429a-9a91-1b4d2132d261
2026-06-11 17:50:20 | INFO | C04 | total=$45.19
2026-06-11 17:50:20 | INFO | C04 | consumed=9
2026-06-11 17:50:20 | INFO | C04 | RUNNING STATS
2026-06-11 17:50:20 | INFO | C04 | total_sales=$594.74
2026-06-11 17:50:20 | INFO | C04 | average=$66.08
2026-06-11 17:50:20 | INFO | C04 | min=$33.89
2026-06-11 17:50:20 | INFO | C04 | max=$194.82
2026-06-11 17:50:20 | INFO | C04 | {'currency_code': 'MXN', 'customer_id': 'CUST-6168', 'customer_note': '', 'datetime': '2026-05-04T09:37:00Z', 'device_type': 'desktop', 'discount_code': '', 'is_new_customer': 'false', 'is_online': 'true', 'order_id': '0a021628-6937-4876-8875-b00c07a39e0f', 'payment_method': 'paypal', 'product_id': 'PY-DATA-002', 'quantity': '1', 'referral_source': 'organic', 'region_id': 'MX-CMX', 'unit_price': '49.99', '_kafka_key': 'MX-CMX', '_kafka_partition': 0, '_kafka_offset': 9}
2026-06-11 17:50:20 | INFO | C04 | subtotal=49.99
2026-06-11 17:50:20 | INFO | C04 | tax=8.0
2026-06-11 17:50:20 | INFO | C04 | total=57.99
2026-06-11 17:50:20 | INFO | C04 | running_total=652.73
2026-06-11 17:50:20 | INFO | C04 | MESSAGE ACCEPTED
2026-06-11 17:50:20 | INFO | C04 | order=0a021628-6937-4876-8875-b00c07a39e0f
2026-06-11 17:50:20 | INFO | C04 | total=$57.99
2026-06-11 17:50:20 | INFO | C04 | consumed=10
2026-06-11 17:50:20 | INFO | C04 | RUNNING STATS
2026-06-11 17:50:20 | INFO | C04 | total_sales=$652.73
2026-06-11 17:50:20 | INFO | C04 | average=$65.27
2026-06-11 17:50:20 | INFO | C04 | min=$33.89
2026-06-11 17:50:20 | INFO | C04 | max=$194.82
2026-06-11 17:50:20 | INFO | C04 | {'currency_code': 'USD', 'customer_id': 'CUST-3340', 'customer_note': 'Recommended by a colleague', 'datetime': '2026-05-04T09:42:00Z', 'device_type': 'tablet', 'discount_code': '', 'is_new_customer': 'false', 'is_online': 'true', 'order_id': 'b05fc600-a5fc-4826-934c-cc1f188b0715', 'payment_method': 'credit_card', 'product_id': 'PY-DATA-002', 'quantity': '3', 'referral_source': 'organic', 'region_id': 'US-MO', 'unit_price': '49.99', '_kafka_key': 'US-MO', '_kafka_partition': 0, '_kafka_offset': 10}
2026-06-11 17:50:20 | INFO | C04 | subtotal=149.97
2026-06-11 17:50:20 | INFO | C04 | tax=12.0
2026-06-11 17:50:20 | INFO | C04 | total=161.97
2026-06-11 17:50:20 | INFO | C04 | running_total=814.70
2026-06-11 17:50:20 | INFO | C04 | MESSAGE ACCEPTED
2026-06-11 17:50:20 | INFO | C04 | order=b05fc600-a5fc-4826-934c-cc1f188b0715
2026-06-11 17:50:20 | INFO | C04 | total=$161.97
2026-06-11 17:50:20 | INFO | C04 | consumed=11
2026-06-11 17:50:20 | INFO | C04 | RUNNING STATS
2026-06-11 17:50:20 | INFO | C04 | total_sales=$814.70
2026-06-11 17:50:20 | INFO | C04 | average=$74.06
2026-06-11 17:50:20 | INFO | C04 | min=$33.89
2026-06-11 17:50:20 | INFO | C04 | max=$194.82
2026-06-11 17:50:20 | INFO | C04 | {'currency_code': 'USD', 'customer_id': 'CUST-8668', 'customer_note': '', 'datetime': '2026-05-04T10:06:00Z', 'device_type': 'mobile', 'discount_code': '', 'is_new_customer': 'false', 'is_online': 'true', 'order_id': '03d437fb-6966-47ad-a67a-728630c8b3f8', 'payment_method': 'apple_pay', 'product_id': 'PY-INTRO-001', 'quantity': '1', 'referral_source': 'email', 'region_id': 'US-MO', 'unit_price': '29.99', '_kafka_key': 'US-MO', '_kafka_partition': 0, '_kafka_offset': 11}
2026-06-11 17:50:20 | INFO | C04 | subtotal=29.99
2026-06-11 17:50:20 | INFO | C04 | tax=2.4
2026-06-11 17:50:20 | INFO | C04 | total=32.39
2026-06-11 17:50:20 | INFO | C04 | running_total=847.09
2026-06-11 17:50:20 | INFO | C04 | MESSAGE ACCEPTED
2026-06-11 17:50:20 | INFO | C04 | order=03d437fb-6966-47ad-a67a-728630c8b3f8
2026-06-11 17:50:20 | INFO | C04 | total=$32.39
2026-06-11 17:50:20 | INFO | C04 | consumed=12
2026-06-11 17:50:20 | INFO | C04 | RUNNING STATS
2026-06-11 17:50:20 | INFO | C04 | total_sales=$847.09
2026-06-11 17:50:20 | INFO | C04 | average=$70.59
2026-06-11 17:50:20 | INFO | C04 | min=$32.39
2026-06-11 17:50:20 | INFO | C04 | max=$194.82
2026-06-11 17:50:20 | INFO | C04 | {'currency_code': 'USD', 'customer_id': 'CUST-2827', 'customer_note': 'Learning at my own pace', 'datetime': '2026-05-04T10:15:00Z', 'device_type': 'tablet', 'discount_code': '', 'is_new_customer': 'false', 'is_online': 'true', 'order_id': '6914aea4-448f-4dc1-b68f-0fe4a2c06188', 'payment_method': 'credit_card', 'product_id': 'PY-DATA-002', 'quantity': '1', 'referral_source': 'organic', 'region_id': 'US-TX', 'unit_price': '49.99', '_kafka_key': 'US-TX', '_kafka_partition': 0, '_kafka_offset': 12}
2026-06-11 17:50:20 | INFO | C04 | subtotal=49.99
2026-06-11 17:50:20 | INFO | C04 | tax=4.12
2026-06-11 17:50:20 | INFO | C04 | total=54.11
2026-06-11 17:50:20 | INFO | C04 | running_total=901.20
2026-06-11 17:50:20 | INFO | P03 | Loading validation reference data...
2026-06-11 17:50:20 | INFO | P03 | Found 6 valid regions, 6 valid products.
2026-06-11 17:50:20 | INFO | P03 | ========================
2026-06-11 17:50:20 | INFO | P03 | SECTION P. Produce Messages
2026-06-11 17:50:20 | INFO | P03 | ========================
2026-06-11 17:50:20 | INFO | P03 | Initializing output...
2026-06-11 17:50:20 | INFO | P03 | Output directory ready: output
2026-06-11 17:50:20 | INFO | P03 | Sending messages...
2026-06-11 17:50:20 | INFO | P03 | Sending up to 15 message(s) to topic 'streaming-04-visualization-kjleopold'.
2026-06-11 17:50:20 | INFO | P03 | Watch each sale arrive. Press CTRL+C to stop early.

2026-06-11 17:50:20 | INFO | P03 | {
  order_id: e7324981-a9f0-419f-b708-d0a333451fff
  datetime: 2026-05-04T08:11:00Z
  region_id: US-TX
  currency_code: USD
  product_id: PY-STREAM-005
  unit_price: 59.99
  quantity: 3
  is_online: true
  customer_id: CUST-4150
  is_new_customer: false
  device_type: tablet
  payment_method: paypal
  referral_source: paid_search
  discount_code: 
  customer_note: Gift for my team
}
2026-06-11 17:50:20 | INFO | P03 |   Sending message with key=US-TX
2026-06-11 17:50:21 | INFO | P03 |   MESSAGE SENT  sent=1
2026-06-11 17:50:21 | INFO | C04 | MESSAGE ACCEPTED
2026-06-11 17:50:21 | INFO | C04 | order=6914aea4-448f-4dc1-b68f-0fe4a2c06188
2026-06-11 17:50:21 | INFO | C04 | total=$54.11
2026-06-11 17:50:21 | INFO | C04 | consumed=13
2026-06-11 17:50:21 | INFO | C04 | RUNNING STATS
2026-06-11 17:50:21 | INFO | C04 | total_sales=$901.20
2026-06-11 17:50:21 | INFO | C04 | average=$69.32
2026-06-11 17:50:21 | INFO | C04 | min=$32.39
2026-06-11 17:50:21 | INFO | C04 | max=$194.82
2026-06-11 17:50:21 | INFO | C04 | {'currency_code': 'USD', 'customer_id': 'CUST-4295', 'customer_note': 'For my study group', 'datetime': '2026-05-04T10:16:00Z', 'device_type': 'desktop', 'discount_code': '', 'is_new_customer': 'false', 'is_online': 'false', 'order_id': 'e1adb233-3aa8-4d60-9684-1ddf52e9d656', 'payment_method': 'paypal', 'product_id': 'PY-STREAM-005', 'quantity': '5', 'referral_source': 'organic', 'region_id': 'US-MO', 'unit_price': '59.99', '_kafka_key': 'US-MO', '_kafka_partition': 0, '_kafka_offset': 13}
2026-06-11 17:50:21 | INFO | C04 | subtotal=299.95
2026-06-11 17:50:21 | INFO | C04 | tax=24.0
2026-06-11 17:50:21 | INFO | C04 | total=323.95
2026-06-11 17:50:21 | INFO | C04 | running_total=1225.15
2026-06-11 17:50:21 | INFO | C04 | MESSAGE ACCEPTED
2026-06-11 17:50:21 | INFO | C04 | order=e1adb233-3aa8-4d60-9684-1ddf52e9d656
2026-06-11 17:50:21 | INFO | C04 | total=$323.95
2026-06-11 17:50:21 | INFO | C04 | consumed=14
2026-06-11 17:50:21 | INFO | C04 | RUNNING STATS
2026-06-11 17:50:21 | INFO | C04 | total_sales=$1,225.15
2026-06-11 17:50:21 | INFO | C04 | average=$87.51
2026-06-11 17:50:21 | INFO | C04 | min=$32.39
2026-06-11 17:50:21 | INFO | C04 | max=$323.95
2026-06-11 17:50:21 | INFO | C04 | {'currency_code': 'USD', 'customer_id': 'CUST-8953', 'customer_note': 'For my study group', 'datetime': '2026-05-04T10:30:00Z', 'device_type': 'desktop', 'discount_code': '', 'is_new_customer': 'false', 'is_online': 'true', 'order_id': '80e9a9ea-9add-4d51-981a-d26aaacd4dc9', 'payment_method': 'credit_card', 'product_id': 'PY-DATA-002', 'quantity': '1', 'referral_source': 'social', 'region_id': 'US-MO', 'unit_price': '49.99', '_kafka_key': 'US-MO', '_kafka_partition': 0, '_kafka_offset': 14}
2026-06-11 17:50:21 | INFO | C04 | subtotal=49.99
2026-06-11 17:50:21 | INFO | C04 | tax=4.0
2026-06-11 17:50:21 | INFO | C04 | total=53.99
2026-06-11 17:50:21 | INFO | C04 | running_total=1279.14
2026-06-11 17:50:21 | INFO | C04 | MESSAGE ACCEPTED
2026-06-11 17:50:21 | INFO | C04 | order=80e9a9ea-9add-4d51-981a-d26aaacd4dc9
2026-06-11 17:50:21 | INFO | C04 | total=$53.99
2026-06-11 17:50:21 | INFO | C04 | consumed=15
2026-06-11 17:50:21 | INFO | C04 | RUNNING STATS
2026-06-11 17:50:21 | INFO | C04 | total_sales=$1,279.14
2026-06-11 17:50:21 | INFO | C04 | average=$85.28
2026-06-11 17:50:21 | INFO | C04 | min=$32.39
2026-06-11 17:50:21 | INFO | C04 | max=$323.95
2026-06-11 17:50:21 | INFO | C04 | {'currency_code': 'USD', 'customer_id': 'CUST-4150', 'customer_note': 'Gift for my team', 'datetime': '2026-05-04T08:11:00Z', 'device_type': 'tablet', 'discount_code': '', 'is_new_customer': 'false', 'is_online': 'true', 'order_id': 'e7324981-a9f0-419f-b708-d0a333451fff', 'payment_method': 'paypal', 'product_id': 'PY-STREAM-005', 'quantity': '3', 'referral_source': 'paid_search', 'region_id': 'US-TX', 'unit_price': '59.99', '_kafka_key': 'US-TX', '_kafka_partition': 0, '_kafka_offset': 0}
2026-06-11 17:50:21 | INFO | C04 | subtotal=179.97
2026-06-11 17:50:21 | INFO | C04 | tax=14.85
2026-06-11 17:50:21 | INFO | C04 | total=194.82
2026-06-11 17:50:21 | INFO | C04 | running_total=1473.96
2026-06-11 17:50:21 | INFO | C04 | MESSAGE ACCEPTED
2026-06-11 17:50:21 | INFO | C04 | order=e7324981-a9f0-419f-b708-d0a333451fff
2026-06-11 17:50:21 | INFO | C04 | total=$194.82
2026-06-11 17:50:21 | INFO | C04 | consumed=16
2026-06-11 17:50:21 | INFO | C04 | RUNNING STATS
2026-06-11 17:50:21 | INFO | C04 | total_sales=$1,473.96
2026-06-11 17:50:21 | INFO | C04 | average=$92.12
2026-06-11 17:50:21 | INFO | C04 | min=$32.39
2026-06-11 17:50:21 | INFO | C04 | max=$323.95
2026-06-11 17:50:22 | INFO | P03 | {
  order_id: d61943e0-f543-4b5f-9c9a-18605ea4cfe5
  datetime: 2026-05-04T08:23:00Z
  region_id: US-TX
  currency_code: USD
  product_id: PY-DATA-002
  unit_price: 49.99
  quantity: 1
  is_online: true
  customer_id: CUST-1106
  is_new_customer: false
  device_type: mobile
  payment_method: paypal
  referral_source: paid_search
  discount_code: 
  customer_note: Gift for my team
}
2026-06-11 17:50:22 | INFO | P03 |   Sending message with key=US-TX
2026-06-11 17:50:22 | INFO | P03 |   MESSAGE SENT  sent=2
2026-06-11 17:50:22 | INFO | C04 | {'currency_code': 'USD', 'customer_id': 'CUST-1106', 'customer_note': 'Gift for my team', 'datetime': '2026-05-04T08:23:00Z', 'device_type': 'mobile', 'discount_code': '', 'is_new_customer': 'false', 'is_online': 'true', 'order_id': 'd61943e0-f543-4b5f-9c9a-18605ea4cfe5', 'payment_method': 'paypal', 'product_id': 'PY-DATA-002', 'quantity': '1', 'referral_source': 'paid_search', 'region_id': 'US-TX', 'unit_price': '49.99', '_kafka_key': 'US-TX', '_kafka_partition': 0, '_kafka_offset': 1}
2026-06-11 17:50:22 | INFO | C04 | subtotal=49.99
2026-06-11 17:50:22 | INFO | C04 | tax=4.12
2026-06-11 17:50:22 | INFO | C04 | total=54.11
2026-06-11 17:50:22 | INFO | C04 | running_total=1528.07
2026-06-11 17:50:22 | INFO | C04 | MESSAGE ACCEPTED
2026-06-11 17:50:22 | INFO | C04 | order=d61943e0-f543-4b5f-9c9a-18605ea4cfe5
2026-06-11 17:50:22 | INFO | C04 | total=$54.11
2026-06-11 17:50:22 | INFO | C04 | consumed=17
2026-06-11 17:50:22 | INFO | C04 | RUNNING STATS
2026-06-11 17:50:22 | INFO | C04 | total_sales=$1,528.07
2026-06-11 17:50:22 | INFO | C04 | average=$89.89
2026-06-11 17:50:22 | INFO | C04 | min=$32.39
2026-06-11 17:50:22 | INFO | C04 | max=$323.95
2026-06-11 17:50:23 | INFO | P03 | {
  order_id: 14da1915-8e74-47be-9e10-f7275d31af46
  datetime: 2026-05-04T08:28:00Z
  region_id: CA-QC
  currency_code: CAD
  product_id: PY-NLP-006
  unit_price: 54.99
  quantity: 1
  is_online: true
  customer_id: CUST-2133
  is_new_customer: false
  device_type: desktop
  payment_method: paypal
  referral_source: organic
  discount_code: 
  customer_note: Learning at my own pace
}
2026-06-11 17:50:23 | INFO | P03 |   Sending message with key=CA-QC
2026-06-11 17:50:23 | INFO | P03 |   MESSAGE SENT  sent=3
2026-06-11 17:50:23 | INFO | C04 | {'currency_code': 'CAD', 'customer_id': 'CUST-2133', 'customer_note': 'Learning at my own pace', 'datetime': '2026-05-04T08:28:00Z', 'device_type': 'desktop', 'discount_code': '', 'is_new_customer': 'false', 'is_online': 'true', 'order_id': '14da1915-8e74-47be-9e10-f7275d31af46', 'payment_method': 'paypal', 'product_id': 'PY-NLP-006', 'quantity': '1', 'referral_source': 'organic', 'region_id': 'CA-QC', 'unit_price': '54.99', '_kafka_key': 'CA-QC', '_kafka_partition': 0, '_kafka_offset': 2}
2026-06-11 17:50:23 | INFO | C04 | subtotal=54.99
2026-06-11 17:50:23 | INFO | C04 | tax=8.23
2026-06-11 17:50:23 | INFO | C04 | total=63.22
2026-06-11 17:50:23 | INFO | C04 | running_total=1591.29
2026-06-11 17:50:23 | INFO | C04 | MESSAGE ACCEPTED
2026-06-11 17:50:23 | INFO | C04 | order=14da1915-8e74-47be-9e10-f7275d31af46
2026-06-11 17:50:23 | INFO | C04 | total=$63.22
2026-06-11 17:50:23 | INFO | C04 | consumed=18
2026-06-11 17:50:23 | INFO | C04 | RUNNING STATS
2026-06-11 17:50:23 | INFO | C04 | total_sales=$1,591.29
2026-06-11 17:50:23 | INFO | C04 | average=$88.41
2026-06-11 17:50:23 | INFO | C04 | min=$32.39
2026-06-11 17:50:23 | INFO | C04 | max=$323.95
2026-06-11 17:50:24 | INFO | P03 | {
  order_id: d77ed935-9b28-431d-bc25-0a3fd98f4154
  datetime: 2026-05-04T08:40:00Z
  region_id: US-CA
  currency_code: USD
  product_id: PY-STREAM-005
  unit_price: 59.99
  quantity: 1
  is_online: true
  customer_id: CUST-5333
  is_new_customer: false
  device_type: mobile
  payment_method: paypal
  referral_source: organic
  discount_code: 
  customer_note: Highly recommend
}
2026-06-11 17:50:24 | INFO | P03 |   Sending message with key=US-CA
2026-06-11 17:50:24 | INFO | P03 |   MESSAGE SENT  sent=4
2026-06-11 17:50:24 | INFO | C04 | {'currency_code': 'USD', 'customer_id': 'CUST-5333', 'customer_note': 'Highly recommend', 'datetime': '2026-05-04T08:40:00Z', 'device_type': 'mobile', 'discount_code': '', 'is_new_customer': 'false', 'is_online': 'true', 'order_id': 'd77ed935-9b28-431d-bc25-0a3fd98f4154', 'payment_method': 'paypal', 'product_id': 'PY-STREAM-005', 'quantity': '1', 'referral_source': 'organic', 'region_id': 'US-CA', 'unit_price': '59.99', '_kafka_key': 'US-CA', '_kafka_partition': 0, '_kafka_offset': 3}
2026-06-11 17:50:24 | INFO | C04 | subtotal=59.99
2026-06-11 17:50:24 | INFO | C04 | tax=5.7
2026-06-11 17:50:24 | INFO | C04 | total=65.69
2026-06-11 17:50:24 | INFO | C04 | running_total=1656.98
2026-06-11 17:50:24 | INFO | C04 | MESSAGE ACCEPTED
2026-06-11 17:50:24 | INFO | C04 | order=d77ed935-9b28-431d-bc25-0a3fd98f4154
2026-06-11 17:50:24 | INFO | C04 | total=$65.69
2026-06-11 17:50:24 | INFO | C04 | consumed=19
2026-06-11 17:50:24 | INFO | C04 | RUNNING STATS
2026-06-11 17:50:24 | INFO | C04 | total_sales=$1,656.98
2026-06-11 17:50:24 | INFO | C04 | average=$87.21
2026-06-11 17:50:24 | INFO | C04 | min=$32.39
2026-06-11 17:50:24 | INFO | C04 | max=$323.95
2026-06-11 17:50:25 | INFO | P03 | {
  order_id: 24b91995-25f8-4ad7-8fa6-2e4c15750e5e
  datetime: 2026-05-04T08:41:00Z
  region_id: US-MO
  currency_code: USD
  product_id: PY-VIZ-003
  unit_price: 39.99
  quantity: 1
  is_online: true
  customer_id: CUST-8573
  is_new_customer: false
  device_type: mobile
  payment_method: apple_pay
  referral_source: paid_search
  discount_code: 
  customer_note: Learning at my own pace
}
2026-06-11 17:50:25 | INFO | P03 |   Sending message with key=US-MO
2026-06-11 17:50:25 | INFO | P03 |   MESSAGE SENT  sent=5
2026-06-11 17:50:25 | INFO | C04 | {'currency_code': 'USD', 'customer_id': 'CUST-8573', 'customer_note': 'Learning at my own pace', 'datetime': '2026-05-04T08:41:00Z', 'device_type': 'mobile', 'discount_code': '', 'is_new_customer': 'false', 'is_online': 'true', 'order_id': '24b91995-25f8-4ad7-8fa6-2e4c15750e5e', 'payment_method': 'apple_pay', 'product_id': 'PY-VIZ-003', 'quantity': '1', 'referral_source': 'paid_search', 'region_id': 'US-MO', 'unit_price': '39.99', '_kafka_key': 'US-MO', '_kafka_partition': 0, '_kafka_offset': 4}
2026-06-11 17:50:25 | INFO | C04 | subtotal=39.99
2026-06-11 17:50:25 | INFO | C04 | tax=3.2
2026-06-11 17:50:25 | INFO | C04 | total=43.19
2026-06-11 17:50:25 | INFO | C04 | running_total=1700.17
2026-06-11 17:50:25 | INFO | C04 | MESSAGE ACCEPTED
2026-06-11 17:50:25 | INFO | C04 | order=24b91995-25f8-4ad7-8fa6-2e4c15750e5e
2026-06-11 17:50:25 | INFO | C04 | total=$43.19
2026-06-11 17:50:25 | INFO | C04 | consumed=20
2026-06-11 17:50:25 | INFO | C04 | RUNNING STATS
2026-06-11 17:50:25 | INFO | C04 | total_sales=$1,700.17
2026-06-11 17:50:25 | INFO | C04 | average=$85.01
2026-06-11 17:50:25 | INFO | C04 | min=$32.39
2026-06-11 17:50:25 | INFO | C04 | max=$323.95
2026-06-11 17:50:26 | INFO | P03 | {
  order_id: 1ec0fc8b-998c-4f43-8a66-19e1fa7d5fa8
  datetime: 2026-05-04T08:54:00Z
  region_id: CA-ON
  currency_code: CAD
  product_id: PY-SQL-004
  unit_price: 44.99
  quantity: 1
  is_online: true
  customer_id: CUST-8062
  is_new_customer: false
  device_type: tablet
  payment_method: paypal
  referral_source: organic
  discount_code: 
  customer_note: 
}
2026-06-11 17:50:26 | INFO | P03 |   Sending message with key=CA-ON
2026-06-11 17:50:26 | INFO | P03 |   MESSAGE SENT  sent=6
2026-06-11 17:50:26 | INFO | C04 | {'currency_code': 'CAD', 'customer_id': 'CUST-8062', 'customer_note': '', 'datetime': '2026-05-04T08:54:00Z', 'device_type': 'tablet', 'discount_code': '', 'is_new_customer': 'false', 'is_online': 'true', 'order_id': '1ec0fc8b-998c-4f43-8a66-19e1fa7d5fa8', 'payment_method': 'paypal', 'product_id': 'PY-SQL-004', 'quantity': '1', 'referral_source': 'organic', 'region_id': 'CA-ON', 'unit_price': '44.99', '_kafka_key': 'CA-ON', '_kafka_partition': 0, '_kafka_offset': 5}
2026-06-11 17:50:26 | INFO | C04 | subtotal=44.99
2026-06-11 17:50:26 | INFO | C04 | tax=5.85
2026-06-11 17:50:26 | INFO | C04 | total=50.84
2026-06-11 17:50:26 | INFO | C04 | running_total=1751.01
2026-06-11 17:50:26 | INFO | C04 | MESSAGE ACCEPTED
2026-06-11 17:50:26 | INFO | C04 | order=1ec0fc8b-998c-4f43-8a66-19e1fa7d5fa8
2026-06-11 17:50:26 | INFO | C04 | total=$50.84
2026-06-11 17:50:26 | INFO | C04 | consumed=21
2026-06-11 17:50:26 | INFO | C04 | RUNNING STATS
2026-06-11 17:50:26 | INFO | C04 | total_sales=$1,751.01
2026-06-11 17:50:26 | INFO | C04 | average=$83.38
2026-06-11 17:50:26 | INFO | C04 | min=$32.39
2026-06-11 17:50:26 | INFO | C04 | max=$323.95
2026-06-11 17:50:27 | INFO | P03 | {
  order_id: 392dd49b-b385-499c-9b4a-a38387fa39ae
  datetime: 2026-05-04T09:07:00Z
  region_id: CA-ON
  currency_code: CAD
  product_id: PY-INTRO-001
  unit_price: 29.99
  quantity: 1
  is_online: false
  customer_id: CUST-9348
  is_new_customer: false
  device_type: desktop
  payment_method: credit_card
  referral_source: paid_search
  discount_code: 
  customer_note: For my study group
}
2026-06-11 17:50:27 | INFO | P03 |   Sending message with key=CA-ON
2026-06-11 17:50:27 | INFO | P03 |   MESSAGE SENT  sent=7
2026-06-11 17:50:27 | INFO | C04 | {'currency_code': 'CAD', 'customer_id': 'CUST-9348', 'customer_note': 'For my study group', 'datetime': '2026-05-04T09:07:00Z', 'device_type': 'desktop', 'discount_code': '', 'is_new_customer': 'false', 'is_online': 'false', 'order_id': '392dd49b-b385-499c-9b4a-a38387fa39ae', 'payment_method': 'credit_card', 'product_id': 'PY-INTRO-001', 'quantity': '1', 'referral_source': 'paid_search', 'region_id': 'CA-ON', 'unit_price': '29.99', '_kafka_key': 'CA-ON', '_kafka_partition': 0, '_kafka_offset': 6}
2026-06-11 17:50:27 | INFO | C04 | subtotal=29.99
2026-06-11 17:50:27 | INFO | C04 | tax=3.9
2026-06-11 17:50:27 | INFO | C04 | total=33.89
2026-06-11 17:50:27 | INFO | C04 | running_total=1784.90
2026-06-11 17:50:27 | INFO | C04 | MESSAGE ACCEPTED
2026-06-11 17:50:27 | INFO | C04 | order=392dd49b-b385-499c-9b4a-a38387fa39ae
2026-06-11 17:50:27 | INFO | C04 | total=$33.89
2026-06-11 17:50:27 | INFO | C04 | consumed=22
2026-06-11 17:50:27 | INFO | C04 | RUNNING STATS
2026-06-11 17:50:27 | INFO | C04 | total_sales=$1,784.90
2026-06-11 17:50:27 | INFO | C04 | average=$81.13
2026-06-11 17:50:27 | INFO | C04 | min=$32.39
2026-06-11 17:50:27 | INFO | C04 | max=$323.95
2026-06-11 17:50:28 | INFO | P03 | {
  order_id: 02782ab7-dd7d-4ebe-8abc-ef81cdc4193b
  datetime: 2026-05-04T09:15:00Z
  region_id: US-CA
  currency_code: USD
  product_id: PY-VIZ-003
  unit_price: 39.99
  quantity: 1
  is_online: true
  customer_id: CUST-5889
  is_new_customer: false
  device_type: tablet
  payment_method: paypal
  referral_source: organic
  discount_code: 
  customer_note: 
}
2026-06-11 17:50:28 | INFO | P03 |   Sending message with key=US-CA
2026-06-11 17:50:28 | INFO | P03 |   MESSAGE SENT  sent=8
2026-06-11 17:50:28 | INFO | C04 | {'currency_code': 'USD', 'customer_id': 'CUST-5889', 'customer_note': '', 'datetime': '2026-05-04T09:15:00Z', 'device_type': 'tablet', 'discount_code': '', 'is_new_customer': 'false', 'is_online': 'true', 'order_id': '02782ab7-dd7d-4ebe-8abc-ef81cdc4193b', 'payment_method': 'paypal', 'product_id': 'PY-VIZ-003', 'quantity': '1', 'referral_source': 'organic', 'region_id': 'US-CA', 'unit_price': '39.99', '_kafka_key': 'US-CA', '_kafka_partition': 0, '_kafka_offset': 7}
2026-06-11 17:50:28 | INFO | C04 | subtotal=39.99
2026-06-11 17:50:28 | INFO | C04 | tax=3.8
2026-06-11 17:50:28 | INFO | C04 | total=43.79
2026-06-11 17:50:28 | INFO | C04 | running_total=1828.69
2026-06-11 17:50:28 | INFO | C04 | MESSAGE ACCEPTED
2026-06-11 17:50:28 | INFO | C04 | order=02782ab7-dd7d-4ebe-8abc-ef81cdc4193b
2026-06-11 17:50:28 | INFO | C04 | total=$43.79
2026-06-11 17:50:28 | INFO | C04 | consumed=23
2026-06-11 17:50:28 | INFO | C04 | RUNNING STATS
2026-06-11 17:50:28 | INFO | C04 | total_sales=$1,828.69
2026-06-11 17:50:28 | INFO | C04 | average=$79.51
2026-06-11 17:50:28 | INFO | C04 | min=$32.39
2026-06-11 17:50:28 | INFO | C04 | max=$323.95
2026-06-11 17:50:29 | INFO | P03 | {
  order_id: 67bd3492-cc96-429a-9a91-1b4d2132d261
  datetime: 2026-05-04T09:19:00Z
  region_id: CA-ON
  currency_code: CAD
  product_id: PY-VIZ-003
  unit_price: 39.99
  quantity: 1
  is_online: true
  customer_id: CUST-4770
  is_new_customer: false
  device_type: desktop
  payment_method: credit_card
  referral_source: paid_search
  discount_code: 
  customer_note: Excellent content
}
2026-06-11 17:50:29 | INFO | P03 |   Sending message with key=CA-ON
2026-06-11 17:50:29 | INFO | P03 |   MESSAGE SENT  sent=9
2026-06-11 17:50:29 | INFO | C04 | {'currency_code': 'CAD', 'customer_id': 'CUST-4770', 'customer_note': 'Excellent content', 'datetime': '2026-05-04T09:19:00Z', 'device_type': 'desktop', 'discount_code': '', 'is_new_customer': 'false', 'is_online': 'true', 'order_id': '67bd3492-cc96-429a-9a91-1b4d2132d261', 'payment_method': 'credit_card', 'product_id': 'PY-VIZ-003', 'quantity': '1', 'referral_source': 'paid_search', 'region_id': 'CA-ON', 'unit_price': '39.99', '_kafka_key': 'CA-ON', '_kafka_partition': 0, '_kafka_offset': 8}
2026-06-11 17:50:29 | INFO | C04 | subtotal=39.99
2026-06-11 17:50:29 | INFO | C04 | tax=5.2
2026-06-11 17:50:29 | INFO | C04 | total=45.19
2026-06-11 17:50:29 | INFO | C04 | running_total=1873.88
2026-06-11 17:50:29 | INFO | C04 | MESSAGE ACCEPTED
2026-06-11 17:50:29 | INFO | C04 | order=67bd3492-cc96-429a-9a91-1b4d2132d261
2026-06-11 17:50:29 | INFO | C04 | total=$45.19
2026-06-11 17:50:29 | INFO | C04 | consumed=24
2026-06-11 17:50:29 | INFO | C04 | RUNNING STATS
2026-06-11 17:50:29 | INFO | C04 | total_sales=$1,873.88
2026-06-11 17:50:29 | INFO | C04 | average=$78.08
2026-06-11 17:50:29 | INFO | C04 | min=$32.39
2026-06-11 17:50:29 | INFO | C04 | max=$323.95
2026-06-11 17:50:30 | INFO | P03 | {
  order_id: 0a021628-6937-4876-8875-b00c07a39e0f
  datetime: 2026-05-04T09:37:00Z
  region_id: MX-CMX
  currency_code: MXN
  product_id: PY-DATA-002
  unit_price: 49.99
  quantity: 1
  is_online: true
  customer_id: CUST-6168
  is_new_customer: false
  device_type: desktop
  payment_method: paypal
  referral_source: organic
  discount_code: 
  customer_note: 
}
2026-06-11 17:50:30 | INFO | P03 |   Sending message with key=MX-CMX
2026-06-11 17:50:30 | INFO | P03 |   MESSAGE SENT  sent=10
2026-06-11 17:50:30 | INFO | C04 | {'currency_code': 'MXN', 'customer_id': 'CUST-6168', 'customer_note': '', 'datetime': '2026-05-04T09:37:00Z', 'device_type': 'desktop', 'discount_code': '', 'is_new_customer': 'false', 'is_online': 'true', 'order_id': '0a021628-6937-4876-8875-b00c07a39e0f', 'payment_method': 'paypal', 'product_id': 'PY-DATA-002', 'quantity': '1', 'referral_source': 'organic', 'region_id': 'MX-CMX', 'unit_price': '49.99', '_kafka_key': 'MX-CMX', '_kafka_partition': 0, '_kafka_offset': 9}
2026-06-11 17:50:30 | INFO | C04 | subtotal=49.99
2026-06-11 17:50:30 | INFO | C04 | tax=8.0
2026-06-11 17:50:30 | INFO | C04 | total=57.99
2026-06-11 17:50:30 | INFO | C04 | running_total=1931.87
2026-06-11 17:50:30 | INFO | C04 | MESSAGE ACCEPTED
2026-06-11 17:50:30 | INFO | C04 | order=0a021628-6937-4876-8875-b00c07a39e0f
2026-06-11 17:50:30 | INFO | C04 | total=$57.99
2026-06-11 17:50:30 | INFO | C04 | consumed=25
2026-06-11 17:50:30 | INFO | C04 | RUNNING STATS
2026-06-11 17:50:30 | INFO | C04 | total_sales=$1,931.87
2026-06-11 17:50:30 | INFO | C04 | average=$77.27
2026-06-11 17:50:30 | INFO | C04 | min=$32.39
2026-06-11 17:50:30 | INFO | C04 | max=$323.95
2026-06-11 17:50:31 | INFO | P03 | {
  order_id: b05fc600-a5fc-4826-934c-cc1f188b0715
  datetime: 2026-05-04T09:42:00Z
  region_id: US-MO
  currency_code: USD
  product_id: PY-DATA-002
  unit_price: 49.99
  quantity: 3
  is_online: true
  customer_id: CUST-3340
  is_new_customer: false
  device_type: tablet
  payment_method: credit_card
  referral_source: organic
  discount_code: 
  customer_note: Recommended by a colleague
}
2026-06-11 17:50:31 | INFO | P03 |   Sending message with key=US-MO
2026-06-11 17:50:31 | INFO | P03 |   MESSAGE SENT  sent=11
2026-06-11 17:50:31 | INFO | C04 | {'currency_code': 'USD', 'customer_id': 'CUST-3340', 'customer_note': 'Recommended by a colleague', 'datetime': '2026-05-04T09:42:00Z', 'device_type': 'tablet', 'discount_code': '', 'is_new_customer': 'false', 'is_online': 'true', 'order_id': 'b05fc600-a5fc-4826-934c-cc1f188b0715', 'payment_method': 'credit_card', 'product_id': 'PY-DATA-002', 'quantity': '3', 'referral_source': 'organic', 'region_id': 'US-MO', 'unit_price': '49.99', '_kafka_key': 'US-MO', '_kafka_partition': 0, '_kafka_offset': 10}
2026-06-11 17:50:31 | INFO | C04 | subtotal=149.97
2026-06-11 17:50:31 | INFO | C04 | tax=12.0
2026-06-11 17:50:31 | INFO | C04 | total=161.97
2026-06-11 17:50:31 | INFO | C04 | running_total=2093.84
2026-06-11 17:50:31 | INFO | C04 | MESSAGE ACCEPTED
2026-06-11 17:50:31 | INFO | C04 | order=b05fc600-a5fc-4826-934c-cc1f188b0715
2026-06-11 17:50:31 | INFO | C04 | total=$161.97
2026-06-11 17:50:31 | INFO | C04 | consumed=26
2026-06-11 17:50:31 | INFO | C04 | RUNNING STATS
2026-06-11 17:50:31 | INFO | C04 | total_sales=$2,093.84
2026-06-11 17:50:31 | INFO | C04 | average=$80.53
2026-06-11 17:50:31 | INFO | C04 | min=$32.39
2026-06-11 17:50:31 | INFO | C04 | max=$323.95
2026-06-11 17:50:32 | INFO | P03 | {
  order_id: 03d437fb-6966-47ad-a67a-728630c8b3f8
  datetime: 2026-05-04T10:06:00Z
  region_id: US-MO
  currency_code: USD
  product_id: PY-INTRO-001
  unit_price: 29.99
  quantity: 1
  is_online: true
  customer_id: CUST-8668
  is_new_customer: false
  device_type: mobile
  payment_method: apple_pay
  referral_source: email
  discount_code: 
  customer_note: 
}
2026-06-11 17:50:32 | INFO | P03 |   Sending message with key=US-MO
2026-06-11 17:50:32 | INFO | P03 |   MESSAGE SENT  sent=12
2026-06-11 17:50:32 | INFO | C04 | {'currency_code': 'USD', 'customer_id': 'CUST-8668', 'customer_note': '', 'datetime': '2026-05-04T10:06:00Z', 'device_type': 'mobile', 'discount_code': '', 'is_new_customer': 'false', 'is_online': 'true', 'order_id': '03d437fb-6966-47ad-a67a-728630c8b3f8', 'payment_method': 'apple_pay', 'product_id': 'PY-INTRO-001', 'quantity': '1', 'referral_source': 'email', 'region_id': 'US-MO', 'unit_price': '29.99', '_kafka_key': 'US-MO', '_kafka_partition': 0, '_kafka_offset': 11}
2026-06-11 17:50:32 | INFO | C04 | subtotal=29.99
2026-06-11 17:50:32 | INFO | C04 | tax=2.4
2026-06-11 17:50:32 | INFO | C04 | total=32.39
2026-06-11 17:50:32 | INFO | C04 | running_total=2126.23
2026-06-11 17:50:32 | INFO | C04 | MESSAGE ACCEPTED
2026-06-11 17:50:32 | INFO | C04 | order=03d437fb-6966-47ad-a67a-728630c8b3f8
2026-06-11 17:50:32 | INFO | C04 | total=$32.39
2026-06-11 17:50:32 | INFO | C04 | consumed=27
2026-06-11 17:50:32 | INFO | C04 | RUNNING STATS
2026-06-11 17:50:32 | INFO | C04 | total_sales=$2,126.23
2026-06-11 17:50:32 | INFO | C04 | average=$78.75
2026-06-11 17:50:32 | INFO | C04 | min=$32.39
2026-06-11 17:50:32 | INFO | C04 | max=$323.95
2026-06-11 17:50:33 | INFO | P03 | {
  order_id: 6914aea4-448f-4dc1-b68f-0fe4a2c06188
  datetime: 2026-05-04T10:15:00Z
  region_id: US-TX
  currency_code: USD
  product_id: PY-DATA-002
  unit_price: 49.99
  quantity: 1
  is_online: true
  customer_id: CUST-2827
  is_new_customer: false
  device_type: tablet
  payment_method: credit_card
  referral_source: organic
  discount_code: 
  customer_note: Learning at my own pace
}
2026-06-11 17:50:33 | INFO | P03 |   Sending message with key=US-TX
2026-06-11 17:50:33 | INFO | P03 |   MESSAGE SENT  sent=13
2026-06-11 17:50:33 | INFO | C04 | {'currency_code': 'USD', 'customer_id': 'CUST-2827', 'customer_note': 'Learning at my own pace', 'datetime': '2026-05-04T10:15:00Z', 'device_type': 'tablet', 'discount_code': '', 'is_new_customer': 'false', 'is_online': 'true', 'order_id': '6914aea4-448f-4dc1-b68f-0fe4a2c06188', 'payment_method': 'credit_card', 'product_id': 'PY-DATA-002', 'quantity': '1', 'referral_source': 'organic', 'region_id': 'US-TX', 'unit_price': '49.99', '_kafka_key': 'US-TX', '_kafka_partition': 0, '_kafka_offset': 12}
2026-06-11 17:50:33 | INFO | C04 | subtotal=49.99
2026-06-11 17:50:33 | INFO | C04 | tax=4.12
2026-06-11 17:50:33 | INFO | C04 | total=54.11
2026-06-11 17:50:33 | INFO | C04 | running_total=2180.34
2026-06-11 17:50:33 | INFO | C04 | MESSAGE ACCEPTED
2026-06-11 17:50:33 | INFO | C04 | order=6914aea4-448f-4dc1-b68f-0fe4a2c06188
2026-06-11 17:50:33 | INFO | C04 | total=$54.11
2026-06-11 17:50:33 | INFO | C04 | consumed=28
2026-06-11 17:50:33 | INFO | C04 | RUNNING STATS
2026-06-11 17:50:33 | INFO | C04 | total_sales=$2,180.34
2026-06-11 17:50:33 | INFO | C04 | average=$77.87
2026-06-11 17:50:33 | INFO | C04 | min=$32.39
2026-06-11 17:50:33 | INFO | C04 | max=$323.95
2026-06-11 17:50:34 | INFO | P03 | {
  order_id: e1adb233-3aa8-4d60-9684-1ddf52e9d656
  datetime: 2026-05-04T10:16:00Z
  region_id: US-MO
  currency_code: USD
  product_id: PY-STREAM-005
  unit_price: 59.99
  quantity: 5
  is_online: false
  customer_id: CUST-4295
  is_new_customer: false
  device_type: desktop
  payment_method: paypal
  referral_source: organic
  discount_code: 
  customer_note: For my study group
}
2026-06-11 17:50:34 | INFO | P03 |   Sending message with key=US-MO
2026-06-11 17:50:34 | INFO | P03 |   MESSAGE SENT  sent=14
2026-06-11 17:50:34 | INFO | C04 | {'currency_code': 'USD', 'customer_id': 'CUST-4295', 'customer_note': 'For my study group', 'datetime': '2026-05-04T10:16:00Z', 'device_type': 'desktop', 'discount_code': '', 'is_new_customer': 'false', 'is_online': 'false', 'order_id': 'e1adb233-3aa8-4d60-9684-1ddf52e9d656', 'payment_method': 'paypal', 'product_id': 'PY-STREAM-005', 'quantity': '5', 'referral_source': 'organic', 'region_id': 'US-MO', 'unit_price': '59.99', '_kafka_key': 'US-MO', '_kafka_partition': 0, '_kafka_offset': 13}
2026-06-11 17:50:34 | INFO | C04 | subtotal=299.95
2026-06-11 17:50:34 | INFO | C04 | tax=24.0
2026-06-11 17:50:34 | INFO | C04 | total=323.95
2026-06-11 17:50:34 | INFO | C04 | running_total=2504.29
2026-06-11 17:50:34 | INFO | C04 | MESSAGE ACCEPTED
2026-06-11 17:50:34 | INFO | C04 | order=e1adb233-3aa8-4d60-9684-1ddf52e9d656
2026-06-11 17:50:34 | INFO | C04 | total=$323.95
2026-06-11 17:50:34 | INFO | C04 | consumed=29
2026-06-11 17:50:34 | INFO | C04 | RUNNING STATS
2026-06-11 17:50:34 | INFO | C04 | total_sales=$2,504.29
2026-06-11 17:50:34 | INFO | C04 | average=$86.35
2026-06-11 17:50:34 | INFO | C04 | min=$32.39
2026-06-11 17:50:34 | INFO | C04 | max=$323.95
2026-06-11 17:50:35 | INFO | P03 | {
  order_id: 80e9a9ea-9add-4d51-981a-d26aaacd4dc9
  datetime: 2026-05-04T10:30:00Z
  region_id: US-MO
  currency_code: USD
  product_id: PY-DATA-002
  unit_price: 49.99
  quantity: 1
  is_online: true
  customer_id: CUST-8953
  is_new_customer: false
  device_type: desktop
  payment_method: credit_card
  referral_source: social
  discount_code: 
  customer_note: For my study group
}
2026-06-11 17:50:35 | INFO | P03 |   Sending message with key=US-MO
2026-06-11 17:50:35 | INFO | P03 |   MESSAGE SENT  sent=15
2026-06-11 17:50:35 | INFO | C04 | {'currency_code': 'USD', 'customer_id': 'CUST-8953', 'customer_note': 'For my study group', 'datetime': '2026-05-04T10:30:00Z', 'device_type': 'desktop', 'discount_code': '', 'is_new_customer': 'false', 'is_online': 'true', 'order_id': '80e9a9ea-9add-4d51-981a-d26aaacd4dc9', 'payment_method': 'credit_card', 'product_id': 'PY-DATA-002', 'quantity': '1', 'referral_source': 'social', 'region_id': 'US-MO', 'unit_price': '49.99', '_kafka_key': 'US-MO', '_kafka_partition': 0, '_kafka_offset': 14}
2026-06-11 17:50:35 | INFO | C04 | subtotal=49.99
2026-06-11 17:50:35 | INFO | C04 | tax=4.0
2026-06-11 17:50:35 | INFO | C04 | total=53.99
2026-06-11 17:50:35 | INFO | C04 | running_total=2558.28
2026-06-11 17:50:35 | INFO | C04 | MESSAGE ACCEPTED
2026-06-11 17:50:35 | INFO | C04 | order=80e9a9ea-9add-4d51-981a-d26aaacd4dc9
2026-06-11 17:50:35 | INFO | C04 | total=$53.99
2026-06-11 17:50:35 | INFO | C04 | consumed=30
2026-06-11 17:50:35 | INFO | C04 | RUNNING STATS
2026-06-11 17:50:35 | INFO | C04 | total_sales=$2,558.28
2026-06-11 17:50:35 | INFO | C04 | average=$85.28
2026-06-11 17:50:35 | INFO | C04 | min=$32.39
2026-06-11 17:50:35 | INFO | C04 | max=$323.95
2026-06-11 17:50:36 | INFO | P03 | Checking for rejected records...
2026-06-11 17:50:36 | INFO | P03 |   No records rejected.
2026-06-11 17:50:36 | INFO | P03 | ========================
2026-06-11 17:50:36 | INFO | P03 | SECTION E. Exit
2026-06-11 17:50:36 | INFO | P03 | ========================
2026-06-11 17:50:36 | INFO | P03 | Summary:
2026-06-11 17:50:36 | INFO | P03 | Sent 15 message(s) to topic 'streaming-04-visualization-kjleopold'.
2026-06-11 17:50:36 | INFO | P03 | Rejected 0 message(s).
2026-06-11 17:50:36 | INFO | P03 | ========================
2026-06-11 17:50:36 | INFO | P03 | Producer executed successfully!
2026-06-11 17:50:36 | INFO | P03 | ========================
2026-06-11 17:50:46 | INFO | C04 | No message received within 10.0s timeout.
2026-06-11 17:50:46 | INFO | C04 | Producer finished or paused. Stopping consumer.
2026-06-11 17:50:46 | INFO | C04 | Kafka consumer closed.
2026-06-11 17:50:46 | INFO | C04 | Saving artifacts...
2026-06-11 17:50:46 | INFO | C04 | WROTE OUTPUT_CHART = data\output\sales_chart_kjleopold.png
2026-06-11 17:50:46 | INFO | C04 | WROTE OUTPUT_CSV = data\output\consumed_sales_kjleopold.csv
2026-06-11 17:50:46 | INFO | C04 | Live chart closed.
2026-06-11 17:50:46 | INFO | C04 | ========================
2026-06-11 17:50:46 | INFO | C04 | SECTION E. Exit
2026-06-11 17:50:46 | INFO | C04 | ========================
2026-06-11 17:50:46 | INFO | C04 | Summary:
2026-06-11 17:50:46 | INFO | C04 | Consumed 30 message(s) from topic 'streaming-04-visualization-kjleopold'.
2026-06-11 17:50:46 | INFO | C04 | Skipped  0 message(s).
2026-06-11 17:50:46 | INFO | C04 | OUTPUT_CSV = data\output\consumed_sales_kjleopold.csv
2026-06-11 17:50:46 | INFO | C04 | OUTPUT_CHART = data\output\sales_chart_kjleopold.png
2026-06-11 17:50:46 | INFO | C04 |   Total sales:  $2,558.28
2026-06-11 17:50:46 | INFO | C04 |   Average sale: $85.28
2026-06-11 17:50:46 | INFO | C04 |   Minimum sale: $32.39
2026-06-11 17:50:46 | INFO | C04 |   Maximum sale: $323.95
2026-06-11 17:50:46 | INFO | C04 | ========================
2026-06-11 17:50:46 | INFO | C04 | Consumer executed successfully!
2026-06-11 17:50:46 | INFO | C04 | ========================
2026-06-11 18:00:56 | DEBUG | P03 | KAFKA_BOOTSTRAP_SERVERS           = localhost:9092
2026-06-11 18:00:56 | DEBUG | P03 | KAFKA_BROKER_ADDRESS_FAMILY       = v6
2026-06-11 18:00:56 | DEBUG | P03 | KAFKA_TOPIC                       = streaming-04-visualization-kjleopold
2026-06-11 18:00:56 | DEBUG | P03 | KAFKA_CLEAR_TOPIC_ON_START        = true
2026-06-11 18:00:56 | DEBUG | P03 | PRODUCER_MESSAGE_COUNT            = 15
2026-06-11 18:00:56 | DEBUG | P03 | PRODUCER_MESSAGE_INTERVAL_SECONDS = 1
2026-06-11 18:00:56 | DEBUG | P03 | PRODUCER_MAX_MESSAGES             = 200
2026-06-11 18:00:56 | DEBUG | P03 | PRODUCER_POLL_INTERVAL_SECONDS    = 15
2026-06-11 18:00:56 | DEBUG | P03 | KAFKA_GROUP_ID                    = streaming-consumer-group-A
2026-06-11 18:00:56 | DEBUG | P03 | KAFKA_AUTO_OFFSET_RESET           = earliest
2026-06-11 18:00:56 | DEBUG | P03 | CONSUMER_TIMEOUT_SECONDS          = 10
2026-06-11 18:00:56 | DEBUG | P03 | CONSUMER_MAX_MESSAGES             = 1000
2026-06-11 18:00:56 | INFO | P03 | === RUN START ===
2026-06-11 18:00:56 | INFO | P03 | project=P03
2026-06-11 18:00:56 | INFO | P03 | repo_dir=streaming-04-visualization
2026-06-11 18:00:56 | INFO | P03 | python=3.14.5
2026-06-11 18:00:56 | INFO | P03 | os=Windows 11
2026-06-11 18:00:56 | INFO | P03 | shell=powershell
2026-06-11 18:00:56 | INFO | P03 | cwd=.
2026-06-11 18:00:56 | INFO | P03 | github_actions=False
2026-06-11 18:00:56 | INFO | P03 | ========================
2026-06-11 18:00:56 | INFO | P03 | START producer main()
2026-06-11 18:00:56 | INFO | P03 | ========================
2026-06-11 18:00:56 | INFO | P03 | ROOT_DIR = .
2026-06-11 18:00:56 | INFO | P03 | DATA_DIR = data
2026-06-11 18:00:56 | INFO | P03 | SALES_CSV = data\sales.csv
2026-06-11 18:00:56 | INFO | P03 | REGIONS_CSV = data\regions.csv
2026-06-11 18:00:56 | INFO | P03 | PRODUCTS_CSV = data\products.csv
2026-06-11 18:00:56 | INFO | P03 | REJECTED_SALES_CSV = data\output\producer_rejected_sales.csv
2026-06-11 18:00:56 | INFO | P03 | ========================
2026-06-11 18:00:56 | INFO | P03 | SECTION A. Acquire
2026-06-11 18:00:56 | INFO | P03 | ========================
2026-06-11 18:00:56 | INFO | P03 | Loading settings from .env...
2026-06-11 18:00:56 | INFO | P03 | KAFKA_BOOTSTRAP_SERVERS           = localhost:9092
2026-06-11 18:00:56 | INFO | P03 | KAFKA_TOPIC                       = streaming-04-visualization-kjleopold
2026-06-11 18:00:56 | INFO | P03 | PRODUCER_MESSAGE_COUNT            = 15
2026-06-11 18:00:56 | INFO | P03 | PRODUCER_MESSAGE_INTERVAL_SECONDS = 1.0
2026-06-11 18:00:56 | INFO | P03 | KAFKA_CLEAR_TOPIC_ON_START        = True
2026-06-11 18:00:56 | INFO | P03 | Verifying Kafka connection...
2026-06-11 18:00:56 | INFO | P03 | Kafka port is reachable.
2026-06-11 18:00:59 | DEBUG | C04 | KAFKA_BOOTSTRAP_SERVERS           = localhost:9092
2026-06-11 18:00:59 | DEBUG | C04 | KAFKA_BROKER_ADDRESS_FAMILY       = v6
2026-06-11 18:00:59 | DEBUG | C04 | KAFKA_TOPIC                       = streaming-04-visualization-kjleopold
2026-06-11 18:00:59 | DEBUG | C04 | KAFKA_CLEAR_TOPIC_ON_START        = true
2026-06-11 18:00:59 | DEBUG | C04 | PRODUCER_MESSAGE_COUNT            = 15
2026-06-11 18:00:59 | DEBUG | C04 | PRODUCER_MESSAGE_INTERVAL_SECONDS = 1
2026-06-11 18:00:59 | DEBUG | C04 | PRODUCER_MAX_MESSAGES             = 200
2026-06-11 18:00:59 | DEBUG | C04 | PRODUCER_POLL_INTERVAL_SECONDS    = 15
2026-06-11 18:00:59 | DEBUG | C04 | KAFKA_GROUP_ID                    = streaming-consumer-group-A
2026-06-11 18:00:59 | DEBUG | C04 | KAFKA_AUTO_OFFSET_RESET           = earliest
2026-06-11 18:00:59 | DEBUG | C04 | CONSUMER_TIMEOUT_SECONDS          = 10
2026-06-11 18:00:59 | DEBUG | C04 | CONSUMER_MAX_MESSAGES             = 1000
2026-06-11 18:00:59 | INFO | C04 | === RUN START ===
2026-06-11 18:00:59 | INFO | C04 | project=C04
2026-06-11 18:00:59 | INFO | C04 | repo_dir=streaming-04-visualization
2026-06-11 18:00:59 | INFO | C04 | python=3.14.5
2026-06-11 18:00:59 | INFO | C04 | os=Windows 11
2026-06-11 18:00:59 | INFO | C04 | shell=powershell
2026-06-11 18:00:59 | INFO | C04 | cwd=.
2026-06-11 18:00:59 | INFO | C04 | github_actions=False
2026-06-11 18:00:59 | INFO | C04 | ========================
2026-06-11 18:00:59 | INFO | C04 | START consumer main()
2026-06-11 18:00:59 | INFO | C04 | ========================
2026-06-11 18:00:59 | INFO | C04 | ROOT_DIR = .
2026-06-11 18:00:59 | INFO | C04 | DATA_DIR = data
2026-06-11 18:00:59 | INFO | C04 | OUTPUT_CSV = data\output\consumed_sales_kjleopold.csv
2026-06-11 18:00:59 | INFO | C04 | OUTPUT_CHART = data\output\sales_chart_kjleopold.png
2026-06-11 18:00:59 | INFO | C04 | REGIONS_CSV = data\regions.csv
2026-06-11 18:00:59 | INFO | C04 | PRODUCTS_CSV = data\products.csv
2026-06-11 18:00:59 | INFO | C04 | CURRENCIES_CSV = data\currencies.csv
2026-06-11 18:00:59 | INFO | C04 | DISCOUNT_CODES_CSV = data\discount_codes.csv
2026-06-11 18:00:59 | INFO | C04 | ========================
2026-06-11 18:00:59 | INFO | C04 | SECTION A. Acquire
2026-06-11 18:00:59 | INFO | C04 | ========================
2026-06-11 18:00:59 | INFO | C04 | Loading settings from .env...
2026-06-11 18:00:59 | INFO | C04 | KAFKA_BOOTSTRAP_SERVERS  = localhost:9092
2026-06-11 18:00:59 | INFO | C04 | KAFKA_TOPIC              = streaming-04-visualization-kjleopold
2026-06-11 18:00:59 | INFO | C04 | KAFKA_GROUP_ID           = streaming-consumer-group-A
2026-06-11 18:00:59 | INFO | C04 | CONSUMER_TIMEOUT_SECONDS = 10.0
2026-06-11 18:00:59 | INFO | C04 | CONSUMER_MAX_MESSAGES    = 1000
2026-06-11 18:00:59 | INFO | C04 | Verifying Kafka connection...
2026-06-11 18:00:59 | INFO | C04 | Kafka port is reachable.
2026-06-11 18:00:59 | INFO | C04 | Verifying Kafka topic...
2026-06-11 18:00:59 | INFO | C04 | Topic 'streaming-04-visualization-kjleopold' exists.
2026-06-11 18:00:59 | INFO | C04 | Found 15 message(s) available.
2026-06-11 18:00:59 | INFO | C04 | Creating Kafka consumer...
2026-06-11 18:00:59 | INFO | C04 | Subscribed to topic: 'streaming-04-visualization-kjleopold' (reading from beginning)
2026-06-11 18:00:59 | INFO | C04 | ========================
2026-06-11 18:00:59 | INFO | C04 | SECTION C. Consume and Process Messages
2026-06-11 18:00:59 | INFO | C04 | ========================
2026-06-11 18:00:59 | INFO | C04 | Initializing output...
2026-06-11 18:00:59 | INFO | C04 | Output CSV cleared: consumed_sales_kjleopold.csv
2026-06-11 18:00:59 | INFO | C04 | Live chart initialized.
2026-06-11 18:00:59 | INFO | C04 | Loading enrichment reference data...
2026-06-11 18:00:59 | INFO | C04 | Found 6 region tax rates.
2026-06-11 18:00:59 | INFO | C04 | Consuming messages...
2026-06-11 18:00:59 | INFO | C04 | Waiting for up to 1000 message(s).
2026-06-11 18:00:59 | INFO | C04 | Press CTRL+C to stop early.

2026-06-11 18:01:02 | INFO | C04 | {'currency_code': 'USD', 'customer_id': 'CUST-4150', 'customer_note': 'Gift for my team', 'datetime': '2026-05-04T08:11:00Z', 'device_type': 'tablet', 'discount_code': '', 'is_new_customer': 'false', 'is_online': 'true', 'order_id': 'e7324981-a9f0-419f-b708-d0a333451fff', 'payment_method': 'paypal', 'product_id': 'PY-STREAM-005', 'quantity': '3', 'referral_source': 'paid_search', 'region_id': 'US-TX', 'unit_price': '59.99', '_kafka_key': 'US-TX', '_kafka_partition': 0, '_kafka_offset': 0}
2026-06-11 18:01:02 | INFO | C04 | subtotal=179.97
2026-06-11 18:01:02 | INFO | C04 | tax=14.85
2026-06-11 18:01:02 | INFO | C04 | total=194.82
2026-06-11 18:01:02 | INFO | C04 | running_total=194.82
2026-06-11 18:01:02 | INFO | C04 | MESSAGE ACCEPTED
2026-06-11 18:01:02 | INFO | C04 | order=e7324981-a9f0-419f-b708-d0a333451fff
2026-06-11 18:01:02 | INFO | C04 | total=$194.82
2026-06-11 18:01:02 | INFO | C04 | consumed=1
2026-06-11 18:01:02 | INFO | C04 | RUNNING STATS
2026-06-11 18:01:02 | INFO | C04 | total_sales=$194.82
2026-06-11 18:01:02 | INFO | C04 | average=$194.82
2026-06-11 18:01:02 | INFO | C04 | min=$194.82
2026-06-11 18:01:02 | INFO | C04 | max=$194.82
2026-06-11 18:01:02 | INFO | C04 | {'currency_code': 'USD', 'customer_id': 'CUST-1106', 'customer_note': 'Gift for my team', 'datetime': '2026-05-04T08:23:00Z', 'device_type': 'mobile', 'discount_code': '', 'is_new_customer': 'false', 'is_online': 'true', 'order_id': 'd61943e0-f543-4b5f-9c9a-18605ea4cfe5', 'payment_method': 'paypal', 'product_id': 'PY-DATA-002', 'quantity': '1', 'referral_source': 'paid_search', 'region_id': 'US-TX', 'unit_price': '49.99', '_kafka_key': 'US-TX', '_kafka_partition': 0, '_kafka_offset': 1}
2026-06-11 18:01:02 | INFO | C04 | subtotal=49.99
2026-06-11 18:01:02 | INFO | C04 | tax=4.12
2026-06-11 18:01:02 | INFO | C04 | total=54.11
2026-06-11 18:01:02 | INFO | C04 | running_total=248.93
2026-06-11 18:01:03 | INFO | C04 | MESSAGE ACCEPTED
2026-06-11 18:01:03 | INFO | C04 | order=d61943e0-f543-4b5f-9c9a-18605ea4cfe5
2026-06-11 18:01:03 | INFO | C04 | total=$54.11
2026-06-11 18:01:03 | INFO | C04 | consumed=2
2026-06-11 18:01:03 | INFO | C04 | RUNNING STATS
2026-06-11 18:01:03 | INFO | C04 | total_sales=$248.93
2026-06-11 18:01:03 | INFO | C04 | average=$124.47
2026-06-11 18:01:03 | INFO | C04 | min=$54.11
2026-06-11 18:01:03 | INFO | C04 | max=$194.82
2026-06-11 18:01:03 | INFO | C04 | {'currency_code': 'CAD', 'customer_id': 'CUST-2133', 'customer_note': 'Learning at my own pace', 'datetime': '2026-05-04T08:28:00Z', 'device_type': 'desktop', 'discount_code': '', 'is_new_customer': 'false', 'is_online': 'true', 'order_id': '14da1915-8e74-47be-9e10-f7275d31af46', 'payment_method': 'paypal', 'product_id': 'PY-NLP-006', 'quantity': '1', 'referral_source': 'organic', 'region_id': 'CA-QC', 'unit_price': '54.99', '_kafka_key': 'CA-QC', '_kafka_partition': 0, '_kafka_offset': 2}
2026-06-11 18:01:03 | INFO | C04 | subtotal=54.99
2026-06-11 18:01:03 | INFO | C04 | tax=8.23
2026-06-11 18:01:03 | INFO | C04 | total=63.22
2026-06-11 18:01:03 | INFO | C04 | running_total=312.15
2026-06-11 18:01:03 | INFO | C04 | MESSAGE ACCEPTED
2026-06-11 18:01:03 | INFO | C04 | order=14da1915-8e74-47be-9e10-f7275d31af46
2026-06-11 18:01:03 | INFO | C04 | total=$63.22
2026-06-11 18:01:03 | INFO | C04 | consumed=3
2026-06-11 18:01:03 | INFO | C04 | RUNNING STATS
2026-06-11 18:01:03 | INFO | C04 | total_sales=$312.15
2026-06-11 18:01:03 | INFO | C04 | average=$104.05
2026-06-11 18:01:03 | INFO | C04 | min=$54.11
2026-06-11 18:01:03 | INFO | C04 | max=$194.82
2026-06-11 18:01:03 | INFO | C04 | {'currency_code': 'USD', 'customer_id': 'CUST-5333', 'customer_note': 'Highly recommend', 'datetime': '2026-05-04T08:40:00Z', 'device_type': 'mobile', 'discount_code': '', 'is_new_customer': 'false', 'is_online': 'true', 'order_id': 'd77ed935-9b28-431d-bc25-0a3fd98f4154', 'payment_method': 'paypal', 'product_id': 'PY-STREAM-005', 'quantity': '1', 'referral_source': 'organic', 'region_id': 'US-CA', 'unit_price': '59.99', '_kafka_key': 'US-CA', '_kafka_partition': 0, '_kafka_offset': 3}
2026-06-11 18:01:03 | INFO | C04 | subtotal=59.99
2026-06-11 18:01:03 | INFO | C04 | tax=5.7
2026-06-11 18:01:03 | INFO | C04 | total=65.69
2026-06-11 18:01:03 | INFO | C04 | running_total=377.84
2026-06-11 18:01:03 | INFO | C04 | MESSAGE ACCEPTED
2026-06-11 18:01:03 | INFO | C04 | order=d77ed935-9b28-431d-bc25-0a3fd98f4154
2026-06-11 18:01:03 | INFO | C04 | total=$65.69
2026-06-11 18:01:03 | INFO | C04 | consumed=4
2026-06-11 18:01:03 | INFO | C04 | RUNNING STATS
2026-06-11 18:01:03 | INFO | C04 | total_sales=$377.84
2026-06-11 18:01:03 | INFO | C04 | average=$94.46
2026-06-11 18:01:03 | INFO | C04 | min=$54.11
2026-06-11 18:01:03 | INFO | C04 | max=$194.82
2026-06-11 18:01:03 | INFO | C04 | {'currency_code': 'USD', 'customer_id': 'CUST-8573', 'customer_note': 'Learning at my own pace', 'datetime': '2026-05-04T08:41:00Z', 'device_type': 'mobile', 'discount_code': '', 'is_new_customer': 'false', 'is_online': 'true', 'order_id': '24b91995-25f8-4ad7-8fa6-2e4c15750e5e', 'payment_method': 'apple_pay', 'product_id': 'PY-VIZ-003', 'quantity': '1', 'referral_source': 'paid_search', 'region_id': 'US-MO', 'unit_price': '39.99', '_kafka_key': 'US-MO', '_kafka_partition': 0, '_kafka_offset': 4}
2026-06-11 18:01:03 | INFO | C04 | subtotal=39.99
2026-06-11 18:01:03 | INFO | C04 | tax=3.2
2026-06-11 18:01:03 | INFO | C04 | total=43.19
2026-06-11 18:01:03 | INFO | C04 | running_total=421.03
2026-06-11 18:01:03 | INFO | C04 | MESSAGE ACCEPTED
2026-06-11 18:01:03 | INFO | C04 | order=24b91995-25f8-4ad7-8fa6-2e4c15750e5e
2026-06-11 18:01:03 | INFO | C04 | total=$43.19
2026-06-11 18:01:03 | INFO | C04 | consumed=5
2026-06-11 18:01:03 | INFO | C04 | RUNNING STATS
2026-06-11 18:01:03 | INFO | C04 | total_sales=$421.03
2026-06-11 18:01:03 | INFO | C04 | average=$84.21
2026-06-11 18:01:03 | INFO | C04 | min=$43.19
2026-06-11 18:01:03 | INFO | C04 | max=$194.82
2026-06-11 18:01:03 | INFO | C04 | {'currency_code': 'CAD', 'customer_id': 'CUST-8062', 'customer_note': '', 'datetime': '2026-05-04T08:54:00Z', 'device_type': 'tablet', 'discount_code': '', 'is_new_customer': 'false', 'is_online': 'true', 'order_id': '1ec0fc8b-998c-4f43-8a66-19e1fa7d5fa8', 'payment_method': 'paypal', 'product_id': 'PY-SQL-004', 'quantity': '1', 'referral_source': 'organic', 'region_id': 'CA-ON', 'unit_price': '44.99', '_kafka_key': 'CA-ON', '_kafka_partition': 0, '_kafka_offset': 5}
2026-06-11 18:01:03 | INFO | C04 | subtotal=44.99
2026-06-11 18:01:03 | INFO | C04 | tax=5.85
2026-06-11 18:01:03 | INFO | C04 | total=50.84
2026-06-11 18:01:03 | INFO | C04 | running_total=471.87
2026-06-11 18:01:03 | INFO | C04 | MESSAGE ACCEPTED
2026-06-11 18:01:03 | INFO | C04 | order=1ec0fc8b-998c-4f43-8a66-19e1fa7d5fa8
2026-06-11 18:01:03 | INFO | C04 | total=$50.84
2026-06-11 18:01:03 | INFO | C04 | consumed=6
2026-06-11 18:01:03 | INFO | C04 | RUNNING STATS
2026-06-11 18:01:03 | INFO | C04 | total_sales=$471.87
2026-06-11 18:01:03 | INFO | C04 | average=$78.64
2026-06-11 18:01:03 | INFO | C04 | min=$43.19
2026-06-11 18:01:03 | INFO | C04 | max=$194.82
2026-06-11 18:01:03 | INFO | C04 | {'currency_code': 'CAD', 'customer_id': 'CUST-9348', 'customer_note': 'For my study group', 'datetime': '2026-05-04T09:07:00Z', 'device_type': 'desktop', 'discount_code': '', 'is_new_customer': 'false', 'is_online': 'false', 'order_id': '392dd49b-b385-499c-9b4a-a38387fa39ae', 'payment_method': 'credit_card', 'product_id': 'PY-INTRO-001', 'quantity': '1', 'referral_source': 'paid_search', 'region_id': 'CA-ON', 'unit_price': '29.99', '_kafka_key': 'CA-ON', '_kafka_partition': 0, '_kafka_offset': 6}
2026-06-11 18:01:03 | INFO | C04 | subtotal=29.99
2026-06-11 18:01:03 | INFO | C04 | tax=3.9
2026-06-11 18:01:03 | INFO | C04 | total=33.89
2026-06-11 18:01:03 | INFO | C04 | running_total=505.76
2026-06-11 18:01:03 | INFO | P03 | Loading validation reference data...
2026-06-11 18:01:03 | INFO | P03 | Found 6 valid regions, 6 valid products.
2026-06-11 18:01:03 | INFO | P03 | ========================
2026-06-11 18:01:03 | INFO | P03 | SECTION P. Produce Messages
2026-06-11 18:01:03 | INFO | P03 | ========================
2026-06-11 18:01:03 | INFO | P03 | Initializing output...
2026-06-11 18:01:03 | INFO | P03 | Output directory ready: output
2026-06-11 18:01:03 | INFO | P03 | Sending messages...
2026-06-11 18:01:03 | INFO | P03 | Sending up to 15 message(s) to topic 'streaming-04-visualization-kjleopold'.
2026-06-11 18:01:03 | INFO | P03 | Watch each sale arrive. Press CTRL+C to stop early.

2026-06-11 18:01:03 | INFO | P03 | {
  order_id: e7324981-a9f0-419f-b708-d0a333451fff
  datetime: 2026-05-04T08:11:00Z
  region_id: US-TX
  currency_code: USD
  product_id: PY-STREAM-005
  unit_price: 59.99
  quantity: 3
  is_online: true
  customer_id: CUST-4150
  is_new_customer: false
  device_type: tablet
  payment_method: paypal
  referral_source: paid_search
  discount_code: 
  customer_note: Gift for my team
}
2026-06-11 18:01:03 | INFO | P03 |   Sending message with key=US-TX
2026-06-11 18:01:03 | INFO | C04 | MESSAGE ACCEPTED
2026-06-11 18:01:03 | INFO | C04 | order=392dd49b-b385-499c-9b4a-a38387fa39ae
2026-06-11 18:01:03 | INFO | C04 | total=$33.89
2026-06-11 18:01:03 | INFO | C04 | consumed=7
2026-06-11 18:01:03 | INFO | C04 | RUNNING STATS
2026-06-11 18:01:03 | INFO | C04 | total_sales=$505.76
2026-06-11 18:01:03 | INFO | C04 | average=$72.25
2026-06-11 18:01:03 | INFO | C04 | min=$33.89
2026-06-11 18:01:03 | INFO | C04 | max=$194.82
2026-06-11 18:01:03 | INFO | C04 | {'currency_code': 'USD', 'customer_id': 'CUST-5889', 'customer_note': '', 'datetime': '2026-05-04T09:15:00Z', 'device_type': 'tablet', 'discount_code': '', 'is_new_customer': 'false', 'is_online': 'true', 'order_id': '02782ab7-dd7d-4ebe-8abc-ef81cdc4193b', 'payment_method': 'paypal', 'product_id': 'PY-VIZ-003', 'quantity': '1', 'referral_source': 'organic', 'region_id': 'US-CA', 'unit_price': '39.99', '_kafka_key': 'US-CA', '_kafka_partition': 0, '_kafka_offset': 7}
2026-06-11 18:01:03 | INFO | C04 | subtotal=39.99
2026-06-11 18:01:03 | INFO | C04 | tax=3.8
2026-06-11 18:01:03 | INFO | C04 | total=43.79
2026-06-11 18:01:03 | INFO | C04 | running_total=549.55
2026-06-11 18:01:03 | INFO | P03 |   MESSAGE SENT  sent=1
2026-06-11 18:01:03 | INFO | C04 | MESSAGE ACCEPTED
2026-06-11 18:01:03 | INFO | C04 | order=02782ab7-dd7d-4ebe-8abc-ef81cdc4193b
2026-06-11 18:01:03 | INFO | C04 | total=$43.79
2026-06-11 18:01:03 | INFO | C04 | consumed=8
2026-06-11 18:01:03 | INFO | C04 | RUNNING STATS
2026-06-11 18:01:03 | INFO | C04 | total_sales=$549.55
2026-06-11 18:01:03 | INFO | C04 | average=$68.69
2026-06-11 18:01:03 | INFO | C04 | min=$33.89
2026-06-11 18:01:03 | INFO | C04 | max=$194.82
2026-06-11 18:01:03 | INFO | C04 | {'currency_code': 'CAD', 'customer_id': 'CUST-4770', 'customer_note': 'Excellent content', 'datetime': '2026-05-04T09:19:00Z', 'device_type': 'desktop', 'discount_code': '', 'is_new_customer': 'false', 'is_online': 'true', 'order_id': '67bd3492-cc96-429a-9a91-1b4d2132d261', 'payment_method': 'credit_card', 'product_id': 'PY-VIZ-003', 'quantity': '1', 'referral_source': 'paid_search', 'region_id': 'CA-ON', 'unit_price': '39.99', '_kafka_key': 'CA-ON', '_kafka_partition': 0, '_kafka_offset': 8}
2026-06-11 18:01:03 | INFO | C04 | subtotal=39.99
2026-06-11 18:01:03 | INFO | C04 | tax=5.2
2026-06-11 18:01:03 | INFO | C04 | total=45.19
2026-06-11 18:01:03 | INFO | C04 | running_total=594.74
2026-06-11 18:01:03 | INFO | C04 | MESSAGE ACCEPTED
2026-06-11 18:01:03 | INFO | C04 | order=67bd3492-cc96-429a-9a91-1b4d2132d261
2026-06-11 18:01:03 | INFO | C04 | total=$45.19
2026-06-11 18:01:03 | INFO | C04 | consumed=9
2026-06-11 18:01:03 | INFO | C04 | RUNNING STATS
2026-06-11 18:01:03 | INFO | C04 | total_sales=$594.74
2026-06-11 18:01:03 | INFO | C04 | average=$66.08
2026-06-11 18:01:03 | INFO | C04 | min=$33.89
2026-06-11 18:01:03 | INFO | C04 | max=$194.82
2026-06-11 18:01:03 | INFO | C04 | {'currency_code': 'MXN', 'customer_id': 'CUST-6168', 'customer_note': '', 'datetime': '2026-05-04T09:37:00Z', 'device_type': 'desktop', 'discount_code': '', 'is_new_customer': 'false', 'is_online': 'true', 'order_id': '0a021628-6937-4876-8875-b00c07a39e0f', 'payment_method': 'paypal', 'product_id': 'PY-DATA-002', 'quantity': '1', 'referral_source': 'organic', 'region_id': 'MX-CMX', 'unit_price': '49.99', '_kafka_key': 'MX-CMX', '_kafka_partition': 0, '_kafka_offset': 9}
2026-06-11 18:01:03 | INFO | C04 | subtotal=49.99
2026-06-11 18:01:03 | INFO | C04 | tax=8.0
2026-06-11 18:01:03 | INFO | C04 | total=57.99
2026-06-11 18:01:03 | INFO | C04 | running_total=652.73
2026-06-11 18:01:03 | INFO | C04 | MESSAGE ACCEPTED
2026-06-11 18:01:03 | INFO | C04 | order=0a021628-6937-4876-8875-b00c07a39e0f
2026-06-11 18:01:03 | INFO | C04 | total=$57.99
2026-06-11 18:01:03 | INFO | C04 | consumed=10
2026-06-11 18:01:03 | INFO | C04 | RUNNING STATS
2026-06-11 18:01:03 | INFO | C04 | total_sales=$652.73
2026-06-11 18:01:03 | INFO | C04 | average=$65.27
2026-06-11 18:01:03 | INFO | C04 | min=$33.89
2026-06-11 18:01:03 | INFO | C04 | max=$194.82
2026-06-11 18:01:03 | INFO | C04 | {'currency_code': 'USD', 'customer_id': 'CUST-3340', 'customer_note': 'Recommended by a colleague', 'datetime': '2026-05-04T09:42:00Z', 'device_type': 'tablet', 'discount_code': '', 'is_new_customer': 'false', 'is_online': 'true', 'order_id': 'b05fc600-a5fc-4826-934c-cc1f188b0715', 'payment_method': 'credit_card', 'product_id': 'PY-DATA-002', 'quantity': '3', 'referral_source': 'organic', 'region_id': 'US-MO', 'unit_price': '49.99', '_kafka_key': 'US-MO', '_kafka_partition': 0, '_kafka_offset': 10}
2026-06-11 18:01:03 | INFO | C04 | subtotal=149.97
2026-06-11 18:01:03 | INFO | C04 | tax=12.0
2026-06-11 18:01:03 | INFO | C04 | total=161.97
2026-06-11 18:01:03 | INFO | C04 | running_total=814.70
2026-06-11 18:01:03 | INFO | C04 | MESSAGE ACCEPTED
2026-06-11 18:01:03 | INFO | C04 | order=b05fc600-a5fc-4826-934c-cc1f188b0715
2026-06-11 18:01:03 | INFO | C04 | total=$161.97
2026-06-11 18:01:03 | INFO | C04 | consumed=11
2026-06-11 18:01:03 | INFO | C04 | RUNNING STATS
2026-06-11 18:01:03 | INFO | C04 | total_sales=$814.70
2026-06-11 18:01:03 | INFO | C04 | average=$74.06
2026-06-11 18:01:03 | INFO | C04 | min=$33.89
2026-06-11 18:01:03 | INFO | C04 | max=$194.82
2026-06-11 18:01:03 | INFO | C04 | {'currency_code': 'USD', 'customer_id': 'CUST-8668', 'customer_note': '', 'datetime': '2026-05-04T10:06:00Z', 'device_type': 'mobile', 'discount_code': '', 'is_new_customer': 'false', 'is_online': 'true', 'order_id': '03d437fb-6966-47ad-a67a-728630c8b3f8', 'payment_method': 'apple_pay', 'product_id': 'PY-INTRO-001', 'quantity': '1', 'referral_source': 'email', 'region_id': 'US-MO', 'unit_price': '29.99', '_kafka_key': 'US-MO', '_kafka_partition': 0, '_kafka_offset': 11}
2026-06-11 18:01:03 | INFO | C04 | subtotal=29.99
2026-06-11 18:01:03 | INFO | C04 | tax=2.4
2026-06-11 18:01:03 | INFO | C04 | total=32.39
2026-06-11 18:01:03 | INFO | C04 | running_total=847.09
2026-06-11 18:01:03 | INFO | C04 | MESSAGE ACCEPTED
2026-06-11 18:01:03 | INFO | C04 | order=03d437fb-6966-47ad-a67a-728630c8b3f8
2026-06-11 18:01:03 | INFO | C04 | total=$32.39
2026-06-11 18:01:03 | INFO | C04 | consumed=12
2026-06-11 18:01:03 | INFO | C04 | RUNNING STATS
2026-06-11 18:01:03 | INFO | C04 | total_sales=$847.09
2026-06-11 18:01:03 | INFO | C04 | average=$70.59
2026-06-11 18:01:03 | INFO | C04 | min=$32.39
2026-06-11 18:01:03 | INFO | C04 | max=$194.82
2026-06-11 18:01:03 | INFO | C04 | {'currency_code': 'USD', 'customer_id': 'CUST-2827', 'customer_note': 'Learning at my own pace', 'datetime': '2026-05-04T10:15:00Z', 'device_type': 'tablet', 'discount_code': '', 'is_new_customer': 'false', 'is_online': 'true', 'order_id': '6914aea4-448f-4dc1-b68f-0fe4a2c06188', 'payment_method': 'credit_card', 'product_id': 'PY-DATA-002', 'quantity': '1', 'referral_source': 'organic', 'region_id': 'US-TX', 'unit_price': '49.99', '_kafka_key': 'US-TX', '_kafka_partition': 0, '_kafka_offset': 12}
2026-06-11 18:01:03 | INFO | C04 | subtotal=49.99
2026-06-11 18:01:03 | INFO | C04 | tax=4.12
2026-06-11 18:01:03 | INFO | C04 | total=54.11
2026-06-11 18:01:03 | INFO | C04 | running_total=901.20
2026-06-11 18:01:04 | INFO | C04 | MESSAGE ACCEPTED
2026-06-11 18:01:04 | INFO | C04 | order=6914aea4-448f-4dc1-b68f-0fe4a2c06188
2026-06-11 18:01:04 | INFO | C04 | total=$54.11
2026-06-11 18:01:04 | INFO | C04 | consumed=13
2026-06-11 18:01:04 | INFO | C04 | RUNNING STATS
2026-06-11 18:01:04 | INFO | C04 | total_sales=$901.20
2026-06-11 18:01:04 | INFO | C04 | average=$69.32
2026-06-11 18:01:04 | INFO | C04 | min=$32.39
2026-06-11 18:01:04 | INFO | C04 | max=$194.82
2026-06-11 18:01:04 | INFO | C04 | {'currency_code': 'USD', 'customer_id': 'CUST-4295', 'customer_note': 'For my study group', 'datetime': '2026-05-04T10:16:00Z', 'device_type': 'desktop', 'discount_code': '', 'is_new_customer': 'false', 'is_online': 'false', 'order_id': 'e1adb233-3aa8-4d60-9684-1ddf52e9d656', 'payment_method': 'paypal', 'product_id': 'PY-STREAM-005', 'quantity': '5', 'referral_source': 'organic', 'region_id': 'US-MO', 'unit_price': '59.99', '_kafka_key': 'US-MO', '_kafka_partition': 0, '_kafka_offset': 13}
2026-06-11 18:01:04 | INFO | C04 | subtotal=299.95
2026-06-11 18:01:04 | INFO | C04 | tax=24.0
2026-06-11 18:01:04 | INFO | C04 | total=323.95
2026-06-11 18:01:04 | INFO | C04 | running_total=1225.15
2026-06-11 18:01:04 | INFO | C04 | MESSAGE ACCEPTED
2026-06-11 18:01:04 | INFO | C04 | order=e1adb233-3aa8-4d60-9684-1ddf52e9d656
2026-06-11 18:01:04 | INFO | C04 | total=$323.95
2026-06-11 18:01:04 | INFO | C04 | consumed=14
2026-06-11 18:01:04 | INFO | C04 | RUNNING STATS
2026-06-11 18:01:04 | INFO | C04 | total_sales=$1,225.15
2026-06-11 18:01:04 | INFO | C04 | average=$87.51
2026-06-11 18:01:04 | INFO | C04 | min=$32.39
2026-06-11 18:01:04 | INFO | C04 | max=$323.95
2026-06-11 18:01:04 | INFO | C04 | {'currency_code': 'USD', 'customer_id': 'CUST-8953', 'customer_note': 'For my study group', 'datetime': '2026-05-04T10:30:00Z', 'device_type': 'desktop', 'discount_code': '', 'is_new_customer': 'false', 'is_online': 'true', 'order_id': '80e9a9ea-9add-4d51-981a-d26aaacd4dc9', 'payment_method': 'credit_card', 'product_id': 'PY-DATA-002', 'quantity': '1', 'referral_source': 'social', 'region_id': 'US-MO', 'unit_price': '49.99', '_kafka_key': 'US-MO', '_kafka_partition': 0, '_kafka_offset': 14}
2026-06-11 18:01:04 | INFO | C04 | subtotal=49.99
2026-06-11 18:01:04 | INFO | C04 | tax=4.0
2026-06-11 18:01:04 | INFO | C04 | total=53.99
2026-06-11 18:01:04 | INFO | C04 | running_total=1279.14
2026-06-11 18:01:04 | INFO | C04 | MESSAGE ACCEPTED
2026-06-11 18:01:04 | INFO | C04 | order=80e9a9ea-9add-4d51-981a-d26aaacd4dc9
2026-06-11 18:01:04 | INFO | C04 | total=$53.99
2026-06-11 18:01:04 | INFO | C04 | consumed=15
2026-06-11 18:01:04 | INFO | C04 | RUNNING STATS
2026-06-11 18:01:04 | INFO | C04 | total_sales=$1,279.14
2026-06-11 18:01:04 | INFO | C04 | average=$85.28
2026-06-11 18:01:04 | INFO | C04 | min=$32.39
2026-06-11 18:01:04 | INFO | C04 | max=$323.95
2026-06-11 18:01:04 | INFO | C04 | {'currency_code': 'USD', 'customer_id': 'CUST-4150', 'customer_note': 'Gift for my team', 'datetime': '2026-05-04T08:11:00Z', 'device_type': 'tablet', 'discount_code': '', 'is_new_customer': 'false', 'is_online': 'true', 'order_id': 'e7324981-a9f0-419f-b708-d0a333451fff', 'payment_method': 'paypal', 'product_id': 'PY-STREAM-005', 'quantity': '3', 'referral_source': 'paid_search', 'region_id': 'US-TX', 'unit_price': '59.99', '_kafka_key': 'US-TX', '_kafka_partition': 0, '_kafka_offset': 0}
2026-06-11 18:01:04 | INFO | C04 | subtotal=179.97
2026-06-11 18:01:04 | INFO | C04 | tax=14.85
2026-06-11 18:01:04 | INFO | C04 | total=194.82
2026-06-11 18:01:04 | INFO | C04 | running_total=1473.96
2026-06-11 18:01:04 | INFO | C04 | MESSAGE ACCEPTED
2026-06-11 18:01:04 | INFO | C04 | order=e7324981-a9f0-419f-b708-d0a333451fff
2026-06-11 18:01:04 | INFO | C04 | total=$194.82
2026-06-11 18:01:04 | INFO | C04 | consumed=16
2026-06-11 18:01:04 | INFO | C04 | RUNNING STATS
2026-06-11 18:01:04 | INFO | C04 | total_sales=$1,473.96
2026-06-11 18:01:04 | INFO | C04 | average=$92.12
2026-06-11 18:01:04 | INFO | C04 | min=$32.39
2026-06-11 18:01:04 | INFO | C04 | max=$323.95
2026-06-11 18:01:04 | INFO | P03 | {
  order_id: d61943e0-f543-4b5f-9c9a-18605ea4cfe5
  datetime: 2026-05-04T08:23:00Z
  region_id: US-TX
  currency_code: USD
  product_id: PY-DATA-002
  unit_price: 49.99
  quantity: 1
  is_online: true
  customer_id: CUST-1106
  is_new_customer: false
  device_type: mobile
  payment_method: paypal
  referral_source: paid_search
  discount_code: 
  customer_note: Gift for my team
}
2026-06-11 18:01:04 | INFO | P03 |   Sending message with key=US-TX
2026-06-11 18:01:04 | INFO | P03 |   MESSAGE SENT  sent=2
2026-06-11 18:01:04 | INFO | C04 | {'currency_code': 'USD', 'customer_id': 'CUST-1106', 'customer_note': 'Gift for my team', 'datetime': '2026-05-04T08:23:00Z', 'device_type': 'mobile', 'discount_code': '', 'is_new_customer': 'false', 'is_online': 'true', 'order_id': 'd61943e0-f543-4b5f-9c9a-18605ea4cfe5', 'payment_method': 'paypal', 'product_id': 'PY-DATA-002', 'quantity': '1', 'referral_source': 'paid_search', 'region_id': 'US-TX', 'unit_price': '49.99', '_kafka_key': 'US-TX', '_kafka_partition': 0, '_kafka_offset': 1}
2026-06-11 18:01:04 | INFO | C04 | subtotal=49.99
2026-06-11 18:01:04 | INFO | C04 | tax=4.12
2026-06-11 18:01:04 | INFO | C04 | total=54.11
2026-06-11 18:01:04 | INFO | C04 | running_total=1528.07
2026-06-11 18:01:04 | INFO | C04 | MESSAGE ACCEPTED
2026-06-11 18:01:04 | INFO | C04 | order=d61943e0-f543-4b5f-9c9a-18605ea4cfe5
2026-06-11 18:01:04 | INFO | C04 | total=$54.11
2026-06-11 18:01:04 | INFO | C04 | consumed=17
2026-06-11 18:01:04 | INFO | C04 | RUNNING STATS
2026-06-11 18:01:04 | INFO | C04 | total_sales=$1,528.07
2026-06-11 18:01:04 | INFO | C04 | average=$89.89
2026-06-11 18:01:04 | INFO | C04 | min=$32.39
2026-06-11 18:01:04 | INFO | C04 | max=$323.95
2026-06-11 18:01:05 | INFO | P03 | {
  order_id: 14da1915-8e74-47be-9e10-f7275d31af46
  datetime: 2026-05-04T08:28:00Z
  region_id: CA-QC
  currency_code: CAD
  product_id: PY-NLP-006
  unit_price: 54.99
  quantity: 1
  is_online: true
  customer_id: CUST-2133
  is_new_customer: false
  device_type: desktop
  payment_method: paypal
  referral_source: organic
  discount_code: 
  customer_note: Learning at my own pace
}
2026-06-11 18:01:05 | INFO | P03 |   Sending message with key=CA-QC
2026-06-11 18:01:05 | INFO | P03 |   MESSAGE SENT  sent=3
2026-06-11 18:01:05 | INFO | C04 | {'currency_code': 'CAD', 'customer_id': 'CUST-2133', 'customer_note': 'Learning at my own pace', 'datetime': '2026-05-04T08:28:00Z', 'device_type': 'desktop', 'discount_code': '', 'is_new_customer': 'false', 'is_online': 'true', 'order_id': '14da1915-8e74-47be-9e10-f7275d31af46', 'payment_method': 'paypal', 'product_id': 'PY-NLP-006', 'quantity': '1', 'referral_source': 'organic', 'region_id': 'CA-QC', 'unit_price': '54.99', '_kafka_key': 'CA-QC', '_kafka_partition': 0, '_kafka_offset': 2}
2026-06-11 18:01:05 | INFO | C04 | subtotal=54.99
2026-06-11 18:01:05 | INFO | C04 | tax=8.23
2026-06-11 18:01:05 | INFO | C04 | total=63.22
2026-06-11 18:01:05 | INFO | C04 | running_total=1591.29
2026-06-11 18:01:05 | INFO | C04 | MESSAGE ACCEPTED
2026-06-11 18:01:05 | INFO | C04 | order=14da1915-8e74-47be-9e10-f7275d31af46
2026-06-11 18:01:05 | INFO | C04 | total=$63.22
2026-06-11 18:01:05 | INFO | C04 | consumed=18
2026-06-11 18:01:05 | INFO | C04 | RUNNING STATS
2026-06-11 18:01:05 | INFO | C04 | total_sales=$1,591.29
2026-06-11 18:01:05 | INFO | C04 | average=$88.41
2026-06-11 18:01:05 | INFO | C04 | min=$32.39
2026-06-11 18:01:05 | INFO | C04 | max=$323.95
2026-06-11 18:01:06 | INFO | P03 | {
  order_id: d77ed935-9b28-431d-bc25-0a3fd98f4154
  datetime: 2026-05-04T08:40:00Z
  region_id: US-CA
  currency_code: USD
  product_id: PY-STREAM-005
  unit_price: 59.99
  quantity: 1
  is_online: true
  customer_id: CUST-5333
  is_new_customer: false
  device_type: mobile
  payment_method: paypal
  referral_source: organic
  discount_code: 
  customer_note: Highly recommend
}
2026-06-11 18:01:06 | INFO | P03 |   Sending message with key=US-CA
2026-06-11 18:01:06 | INFO | P03 |   MESSAGE SENT  sent=4
2026-06-11 18:01:06 | INFO | C04 | {'currency_code': 'USD', 'customer_id': 'CUST-5333', 'customer_note': 'Highly recommend', 'datetime': '2026-05-04T08:40:00Z', 'device_type': 'mobile', 'discount_code': '', 'is_new_customer': 'false', 'is_online': 'true', 'order_id': 'd77ed935-9b28-431d-bc25-0a3fd98f4154', 'payment_method': 'paypal', 'product_id': 'PY-STREAM-005', 'quantity': '1', 'referral_source': 'organic', 'region_id': 'US-CA', 'unit_price': '59.99', '_kafka_key': 'US-CA', '_kafka_partition': 0, '_kafka_offset': 3}
2026-06-11 18:01:06 | INFO | C04 | subtotal=59.99
2026-06-11 18:01:06 | INFO | C04 | tax=5.7
2026-06-11 18:01:06 | INFO | C04 | total=65.69
2026-06-11 18:01:06 | INFO | C04 | running_total=1656.98
2026-06-11 18:01:06 | INFO | C04 | MESSAGE ACCEPTED
2026-06-11 18:01:06 | INFO | C04 | order=d77ed935-9b28-431d-bc25-0a3fd98f4154
2026-06-11 18:01:06 | INFO | C04 | total=$65.69
2026-06-11 18:01:06 | INFO | C04 | consumed=19
2026-06-11 18:01:06 | INFO | C04 | RUNNING STATS
2026-06-11 18:01:06 | INFO | C04 | total_sales=$1,656.98
2026-06-11 18:01:06 | INFO | C04 | average=$87.21
2026-06-11 18:01:06 | INFO | C04 | min=$32.39
2026-06-11 18:01:06 | INFO | C04 | max=$323.95
2026-06-11 18:01:07 | INFO | P03 | {
  order_id: 24b91995-25f8-4ad7-8fa6-2e4c15750e5e
  datetime: 2026-05-04T08:41:00Z
  region_id: US-MO
  currency_code: USD
  product_id: PY-VIZ-003
  unit_price: 39.99
  quantity: 1
  is_online: true
  customer_id: CUST-8573
  is_new_customer: false
  device_type: mobile
  payment_method: apple_pay
  referral_source: paid_search
  discount_code: 
  customer_note: Learning at my own pace
}
2026-06-11 18:01:07 | INFO | P03 |   Sending message with key=US-MO
2026-06-11 18:01:07 | INFO | P03 |   MESSAGE SENT  sent=5
2026-06-11 18:01:07 | INFO | C04 | {'currency_code': 'USD', 'customer_id': 'CUST-8573', 'customer_note': 'Learning at my own pace', 'datetime': '2026-05-04T08:41:00Z', 'device_type': 'mobile', 'discount_code': '', 'is_new_customer': 'false', 'is_online': 'true', 'order_id': '24b91995-25f8-4ad7-8fa6-2e4c15750e5e', 'payment_method': 'apple_pay', 'product_id': 'PY-VIZ-003', 'quantity': '1', 'referral_source': 'paid_search', 'region_id': 'US-MO', 'unit_price': '39.99', '_kafka_key': 'US-MO', '_kafka_partition': 0, '_kafka_offset': 4}
2026-06-11 18:01:07 | INFO | C04 | subtotal=39.99
2026-06-11 18:01:07 | INFO | C04 | tax=3.2
2026-06-11 18:01:07 | INFO | C04 | total=43.19
2026-06-11 18:01:07 | INFO | C04 | running_total=1700.17
2026-06-11 18:01:07 | INFO | C04 | MESSAGE ACCEPTED
2026-06-11 18:01:07 | INFO | C04 | order=24b91995-25f8-4ad7-8fa6-2e4c15750e5e
2026-06-11 18:01:07 | INFO | C04 | total=$43.19
2026-06-11 18:01:07 | INFO | C04 | consumed=20
2026-06-11 18:01:07 | INFO | C04 | RUNNING STATS
2026-06-11 18:01:07 | INFO | C04 | total_sales=$1,700.17
2026-06-11 18:01:07 | INFO | C04 | average=$85.01
2026-06-11 18:01:07 | INFO | C04 | min=$32.39
2026-06-11 18:01:07 | INFO | C04 | max=$323.95
2026-06-11 18:01:08 | INFO | P03 | {
  order_id: 1ec0fc8b-998c-4f43-8a66-19e1fa7d5fa8
  datetime: 2026-05-04T08:54:00Z
  region_id: CA-ON
  currency_code: CAD
  product_id: PY-SQL-004
  unit_price: 44.99
  quantity: 1
  is_online: true
  customer_id: CUST-8062
  is_new_customer: false
  device_type: tablet
  payment_method: paypal
  referral_source: organic
  discount_code: 
  customer_note: 
}
2026-06-11 18:01:08 | INFO | P03 |   Sending message with key=CA-ON
2026-06-11 18:01:08 | INFO | P03 |   MESSAGE SENT  sent=6
2026-06-11 18:01:08 | INFO | C04 | {'currency_code': 'CAD', 'customer_id': 'CUST-8062', 'customer_note': '', 'datetime': '2026-05-04T08:54:00Z', 'device_type': 'tablet', 'discount_code': '', 'is_new_customer': 'false', 'is_online': 'true', 'order_id': '1ec0fc8b-998c-4f43-8a66-19e1fa7d5fa8', 'payment_method': 'paypal', 'product_id': 'PY-SQL-004', 'quantity': '1', 'referral_source': 'organic', 'region_id': 'CA-ON', 'unit_price': '44.99', '_kafka_key': 'CA-ON', '_kafka_partition': 0, '_kafka_offset': 5}
2026-06-11 18:01:08 | INFO | C04 | subtotal=44.99
2026-06-11 18:01:08 | INFO | C04 | tax=5.85
2026-06-11 18:01:08 | INFO | C04 | total=50.84
2026-06-11 18:01:08 | INFO | C04 | running_total=1751.01
2026-06-11 18:01:08 | INFO | C04 | MESSAGE ACCEPTED
2026-06-11 18:01:08 | INFO | C04 | order=1ec0fc8b-998c-4f43-8a66-19e1fa7d5fa8
2026-06-11 18:01:08 | INFO | C04 | total=$50.84
2026-06-11 18:01:08 | INFO | C04 | consumed=21
2026-06-11 18:01:08 | INFO | C04 | RUNNING STATS
2026-06-11 18:01:08 | INFO | C04 | total_sales=$1,751.01
2026-06-11 18:01:08 | INFO | C04 | average=$83.38
2026-06-11 18:01:08 | INFO | C04 | min=$32.39
2026-06-11 18:01:08 | INFO | C04 | max=$323.95
2026-06-11 18:01:09 | INFO | P03 | {
  order_id: 392dd49b-b385-499c-9b4a-a38387fa39ae
  datetime: 2026-05-04T09:07:00Z
  region_id: CA-ON
  currency_code: CAD
  product_id: PY-INTRO-001
  unit_price: 29.99
  quantity: 1
  is_online: false
  customer_id: CUST-9348
  is_new_customer: false
  device_type: desktop
  payment_method: credit_card
  referral_source: paid_search
  discount_code: 
  customer_note: For my study group
}
2026-06-11 18:01:09 | INFO | P03 |   Sending message with key=CA-ON
2026-06-11 18:01:09 | INFO | P03 |   MESSAGE SENT  sent=7
2026-06-11 18:01:09 | INFO | C04 | {'currency_code': 'CAD', 'customer_id': 'CUST-9348', 'customer_note': 'For my study group', 'datetime': '2026-05-04T09:07:00Z', 'device_type': 'desktop', 'discount_code': '', 'is_new_customer': 'false', 'is_online': 'false', 'order_id': '392dd49b-b385-499c-9b4a-a38387fa39ae', 'payment_method': 'credit_card', 'product_id': 'PY-INTRO-001', 'quantity': '1', 'referral_source': 'paid_search', 'region_id': 'CA-ON', 'unit_price': '29.99', '_kafka_key': 'CA-ON', '_kafka_partition': 0, '_kafka_offset': 6}
2026-06-11 18:01:09 | INFO | C04 | subtotal=29.99
2026-06-11 18:01:09 | INFO | C04 | tax=3.9
2026-06-11 18:01:09 | INFO | C04 | total=33.89
2026-06-11 18:01:09 | INFO | C04 | running_total=1784.90
2026-06-11 18:01:09 | INFO | C04 | MESSAGE ACCEPTED
2026-06-11 18:01:09 | INFO | C04 | order=392dd49b-b385-499c-9b4a-a38387fa39ae
2026-06-11 18:01:09 | INFO | C04 | total=$33.89
2026-06-11 18:01:09 | INFO | C04 | consumed=22
2026-06-11 18:01:09 | INFO | C04 | RUNNING STATS
2026-06-11 18:01:09 | INFO | C04 | total_sales=$1,784.90
2026-06-11 18:01:09 | INFO | C04 | average=$81.13
2026-06-11 18:01:09 | INFO | C04 | min=$32.39
2026-06-11 18:01:09 | INFO | C04 | max=$323.95
2026-06-11 18:01:10 | INFO | P03 | {
  order_id: 02782ab7-dd7d-4ebe-8abc-ef81cdc4193b
  datetime: 2026-05-04T09:15:00Z
  region_id: US-CA
  currency_code: USD
  product_id: PY-VIZ-003
  unit_price: 39.99
  quantity: 1
  is_online: true
  customer_id: CUST-5889
  is_new_customer: false
  device_type: tablet
  payment_method: paypal
  referral_source: organic
  discount_code: 
  customer_note: 
}
2026-06-11 18:01:10 | INFO | P03 |   Sending message with key=US-CA
2026-06-11 18:01:10 | INFO | P03 |   MESSAGE SENT  sent=8
2026-06-11 18:01:10 | INFO | C04 | {'currency_code': 'USD', 'customer_id': 'CUST-5889', 'customer_note': '', 'datetime': '2026-05-04T09:15:00Z', 'device_type': 'tablet', 'discount_code': '', 'is_new_customer': 'false', 'is_online': 'true', 'order_id': '02782ab7-dd7d-4ebe-8abc-ef81cdc4193b', 'payment_method': 'paypal', 'product_id': 'PY-VIZ-003', 'quantity': '1', 'referral_source': 'organic', 'region_id': 'US-CA', 'unit_price': '39.99', '_kafka_key': 'US-CA', '_kafka_partition': 0, '_kafka_offset': 7}
2026-06-11 18:01:10 | INFO | C04 | subtotal=39.99
2026-06-11 18:01:10 | INFO | C04 | tax=3.8
2026-06-11 18:01:10 | INFO | C04 | total=43.79
2026-06-11 18:01:10 | INFO | C04 | running_total=1828.69
2026-06-11 18:01:10 | INFO | C04 | MESSAGE ACCEPTED
2026-06-11 18:01:10 | INFO | C04 | order=02782ab7-dd7d-4ebe-8abc-ef81cdc4193b
2026-06-11 18:01:10 | INFO | C04 | total=$43.79
2026-06-11 18:01:10 | INFO | C04 | consumed=23
2026-06-11 18:01:10 | INFO | C04 | RUNNING STATS
2026-06-11 18:01:10 | INFO | C04 | total_sales=$1,828.69
2026-06-11 18:01:10 | INFO | C04 | average=$79.51
2026-06-11 18:01:10 | INFO | C04 | min=$32.39
2026-06-11 18:01:10 | INFO | C04 | max=$323.95
2026-06-11 18:01:11 | INFO | P03 | {
  order_id: 67bd3492-cc96-429a-9a91-1b4d2132d261
  datetime: 2026-05-04T09:19:00Z
  region_id: CA-ON
  currency_code: CAD
  product_id: PY-VIZ-003
  unit_price: 39.99
  quantity: 1
  is_online: true
  customer_id: CUST-4770
  is_new_customer: false
  device_type: desktop
  payment_method: credit_card
  referral_source: paid_search
  discount_code: 
  customer_note: Excellent content
}
2026-06-11 18:01:11 | INFO | P03 |   Sending message with key=CA-ON
2026-06-11 18:01:11 | INFO | P03 |   MESSAGE SENT  sent=9
2026-06-11 18:01:11 | INFO | C04 | {'currency_code': 'CAD', 'customer_id': 'CUST-4770', 'customer_note': 'Excellent content', 'datetime': '2026-05-04T09:19:00Z', 'device_type': 'desktop', 'discount_code': '', 'is_new_customer': 'false', 'is_online': 'true', 'order_id': '67bd3492-cc96-429a-9a91-1b4d2132d261', 'payment_method': 'credit_card', 'product_id': 'PY-VIZ-003', 'quantity': '1', 'referral_source': 'paid_search', 'region_id': 'CA-ON', 'unit_price': '39.99', '_kafka_key': 'CA-ON', '_kafka_partition': 0, '_kafka_offset': 8}
2026-06-11 18:01:11 | INFO | C04 | subtotal=39.99
2026-06-11 18:01:11 | INFO | C04 | tax=5.2
2026-06-11 18:01:11 | INFO | C04 | total=45.19
2026-06-11 18:01:11 | INFO | C04 | running_total=1873.88
2026-06-11 18:01:12 | INFO | C04 | MESSAGE ACCEPTED
2026-06-11 18:01:12 | INFO | C04 | order=67bd3492-cc96-429a-9a91-1b4d2132d261
2026-06-11 18:01:12 | INFO | C04 | total=$45.19
2026-06-11 18:01:12 | INFO | C04 | consumed=24
2026-06-11 18:01:12 | INFO | C04 | RUNNING STATS
2026-06-11 18:01:12 | INFO | C04 | total_sales=$1,873.88
2026-06-11 18:01:12 | INFO | C04 | average=$78.08
2026-06-11 18:01:12 | INFO | C04 | min=$32.39
2026-06-11 18:01:12 | INFO | C04 | max=$323.95
2026-06-11 18:01:12 | INFO | P03 | {
  order_id: 0a021628-6937-4876-8875-b00c07a39e0f
  datetime: 2026-05-04T09:37:00Z
  region_id: MX-CMX
  currency_code: MXN
  product_id: PY-DATA-002
  unit_price: 49.99
  quantity: 1
  is_online: true
  customer_id: CUST-6168
  is_new_customer: false
  device_type: desktop
  payment_method: paypal
  referral_source: organic
  discount_code: 
  customer_note: 
}
2026-06-11 18:01:12 | INFO | P03 |   Sending message with key=MX-CMX
2026-06-11 18:01:12 | INFO | P03 |   MESSAGE SENT  sent=10
2026-06-11 18:01:12 | INFO | C04 | {'currency_code': 'MXN', 'customer_id': 'CUST-6168', 'customer_note': '', 'datetime': '2026-05-04T09:37:00Z', 'device_type': 'desktop', 'discount_code': '', 'is_new_customer': 'false', 'is_online': 'true', 'order_id': '0a021628-6937-4876-8875-b00c07a39e0f', 'payment_method': 'paypal', 'product_id': 'PY-DATA-002', 'quantity': '1', 'referral_source': 'organic', 'region_id': 'MX-CMX', 'unit_price': '49.99', '_kafka_key': 'MX-CMX', '_kafka_partition': 0, '_kafka_offset': 9}
2026-06-11 18:01:12 | INFO | C04 | subtotal=49.99
2026-06-11 18:01:12 | INFO | C04 | tax=8.0
2026-06-11 18:01:12 | INFO | C04 | total=57.99
2026-06-11 18:01:12 | INFO | C04 | running_total=1931.87
2026-06-11 18:01:13 | INFO | C04 | MESSAGE ACCEPTED
2026-06-11 18:01:13 | INFO | C04 | order=0a021628-6937-4876-8875-b00c07a39e0f
2026-06-11 18:01:13 | INFO | C04 | total=$57.99
2026-06-11 18:01:13 | INFO | C04 | consumed=25
2026-06-11 18:01:13 | INFO | C04 | RUNNING STATS
2026-06-11 18:01:13 | INFO | C04 | total_sales=$1,931.87
2026-06-11 18:01:13 | INFO | C04 | average=$77.27
2026-06-11 18:01:13 | INFO | C04 | min=$32.39
2026-06-11 18:01:13 | INFO | C04 | max=$323.95
2026-06-11 18:01:13 | INFO | P03 | {
  order_id: b05fc600-a5fc-4826-934c-cc1f188b0715
  datetime: 2026-05-04T09:42:00Z
  region_id: US-MO
  currency_code: USD
  product_id: PY-DATA-002
  unit_price: 49.99
  quantity: 3
  is_online: true
  customer_id: CUST-3340
  is_new_customer: false
  device_type: tablet
  payment_method: credit_card
  referral_source: organic
  discount_code: 
  customer_note: Recommended by a colleague
}
2026-06-11 18:01:13 | INFO | P03 |   Sending message with key=US-MO
2026-06-11 18:01:13 | INFO | P03 |   MESSAGE SENT  sent=11
2026-06-11 18:01:13 | INFO | C04 | {'currency_code': 'USD', 'customer_id': 'CUST-3340', 'customer_note': 'Recommended by a colleague', 'datetime': '2026-05-04T09:42:00Z', 'device_type': 'tablet', 'discount_code': '', 'is_new_customer': 'false', 'is_online': 'true', 'order_id': 'b05fc600-a5fc-4826-934c-cc1f188b0715', 'payment_method': 'credit_card', 'product_id': 'PY-DATA-002', 'quantity': '3', 'referral_source': 'organic', 'region_id': 'US-MO', 'unit_price': '49.99', '_kafka_key': 'US-MO', '_kafka_partition': 0, '_kafka_offset': 10}
2026-06-11 18:01:13 | INFO | C04 | subtotal=149.97
2026-06-11 18:01:13 | INFO | C04 | tax=12.0
2026-06-11 18:01:13 | INFO | C04 | total=161.97
2026-06-11 18:01:13 | INFO | C04 | running_total=2093.84
2026-06-11 18:01:14 | INFO | C04 | MESSAGE ACCEPTED
2026-06-11 18:01:14 | INFO | C04 | order=b05fc600-a5fc-4826-934c-cc1f188b0715
2026-06-11 18:01:14 | INFO | C04 | total=$161.97
2026-06-11 18:01:14 | INFO | C04 | consumed=26
2026-06-11 18:01:14 | INFO | C04 | RUNNING STATS
2026-06-11 18:01:14 | INFO | C04 | total_sales=$2,093.84
2026-06-11 18:01:14 | INFO | C04 | average=$80.53
2026-06-11 18:01:14 | INFO | C04 | min=$32.39
2026-06-11 18:01:14 | INFO | C04 | max=$323.95
2026-06-11 18:01:14 | INFO | P03 | {
  order_id: 03d437fb-6966-47ad-a67a-728630c8b3f8
  datetime: 2026-05-04T10:06:00Z
  region_id: US-MO
  currency_code: USD
  product_id: PY-INTRO-001
  unit_price: 29.99
  quantity: 1
  is_online: true
  customer_id: CUST-8668
  is_new_customer: false
  device_type: mobile
  payment_method: apple_pay
  referral_source: email
  discount_code: 
  customer_note: 
}
2026-06-11 18:01:14 | INFO | P03 |   Sending message with key=US-MO
2026-06-11 18:01:15 | INFO | P03 |   MESSAGE SENT  sent=12
2026-06-11 18:01:15 | INFO | C04 | {'currency_code': 'USD', 'customer_id': 'CUST-8668', 'customer_note': '', 'datetime': '2026-05-04T10:06:00Z', 'device_type': 'mobile', 'discount_code': '', 'is_new_customer': 'false', 'is_online': 'true', 'order_id': '03d437fb-6966-47ad-a67a-728630c8b3f8', 'payment_method': 'apple_pay', 'product_id': 'PY-INTRO-001', 'quantity': '1', 'referral_source': 'email', 'region_id': 'US-MO', 'unit_price': '29.99', '_kafka_key': 'US-MO', '_kafka_partition': 0, '_kafka_offset': 11}
2026-06-11 18:01:15 | INFO | C04 | subtotal=29.99
2026-06-11 18:01:15 | INFO | C04 | tax=2.4
2026-06-11 18:01:15 | INFO | C04 | total=32.39
2026-06-11 18:01:15 | INFO | C04 | running_total=2126.23
2026-06-11 18:01:15 | INFO | C04 | MESSAGE ACCEPTED
2026-06-11 18:01:15 | INFO | C04 | order=03d437fb-6966-47ad-a67a-728630c8b3f8
2026-06-11 18:01:15 | INFO | C04 | total=$32.39
2026-06-11 18:01:15 | INFO | C04 | consumed=27
2026-06-11 18:01:15 | INFO | C04 | RUNNING STATS
2026-06-11 18:01:15 | INFO | C04 | total_sales=$2,126.23
2026-06-11 18:01:15 | INFO | C04 | average=$78.75
2026-06-11 18:01:15 | INFO | C04 | min=$32.39
2026-06-11 18:01:15 | INFO | C04 | max=$323.95
2026-06-11 18:01:16 | INFO | P03 | {
  order_id: 6914aea4-448f-4dc1-b68f-0fe4a2c06188
  datetime: 2026-05-04T10:15:00Z
  region_id: US-TX
  currency_code: USD
  product_id: PY-DATA-002
  unit_price: 49.99
  quantity: 1
  is_online: true
  customer_id: CUST-2827
  is_new_customer: false
  device_type: tablet
  payment_method: credit_card
  referral_source: organic
  discount_code: 
  customer_note: Learning at my own pace
}
2026-06-11 18:01:16 | INFO | P03 |   Sending message with key=US-TX
2026-06-11 18:01:16 | INFO | P03 |   MESSAGE SENT  sent=13
2026-06-11 18:01:16 | INFO | C04 | {'currency_code': 'USD', 'customer_id': 'CUST-2827', 'customer_note': 'Learning at my own pace', 'datetime': '2026-05-04T10:15:00Z', 'device_type': 'tablet', 'discount_code': '', 'is_new_customer': 'false', 'is_online': 'true', 'order_id': '6914aea4-448f-4dc1-b68f-0fe4a2c06188', 'payment_method': 'credit_card', 'product_id': 'PY-DATA-002', 'quantity': '1', 'referral_source': 'organic', 'region_id': 'US-TX', 'unit_price': '49.99', '_kafka_key': 'US-TX', '_kafka_partition': 0, '_kafka_offset': 12}
2026-06-11 18:01:16 | INFO | C04 | subtotal=49.99
2026-06-11 18:01:16 | INFO | C04 | tax=4.12
2026-06-11 18:01:16 | INFO | C04 | total=54.11
2026-06-11 18:01:16 | INFO | C04 | running_total=2180.34
2026-06-11 18:01:16 | INFO | C04 | MESSAGE ACCEPTED
2026-06-11 18:01:16 | INFO | C04 | order=6914aea4-448f-4dc1-b68f-0fe4a2c06188
2026-06-11 18:01:16 | INFO | C04 | total=$54.11
2026-06-11 18:01:16 | INFO | C04 | consumed=28
2026-06-11 18:01:16 | INFO | C04 | RUNNING STATS
2026-06-11 18:01:16 | INFO | C04 | total_sales=$2,180.34
2026-06-11 18:01:16 | INFO | C04 | average=$77.87
2026-06-11 18:01:16 | INFO | C04 | min=$32.39
2026-06-11 18:01:16 | INFO | C04 | max=$323.95
2026-06-11 18:01:17 | INFO | P03 | {
  order_id: e1adb233-3aa8-4d60-9684-1ddf52e9d656
  datetime: 2026-05-04T10:16:00Z
  region_id: US-MO
  currency_code: USD
  product_id: PY-STREAM-005
  unit_price: 59.99
  quantity: 5
  is_online: false
  customer_id: CUST-4295
  is_new_customer: false
  device_type: desktop
  payment_method: paypal
  referral_source: organic
  discount_code: 
  customer_note: For my study group
}
2026-06-11 18:01:17 | INFO | P03 |   Sending message with key=US-MO
2026-06-11 18:01:17 | INFO | P03 |   MESSAGE SENT  sent=14
2026-06-11 18:01:17 | INFO | C04 | {'currency_code': 'USD', 'customer_id': 'CUST-4295', 'customer_note': 'For my study group', 'datetime': '2026-05-04T10:16:00Z', 'device_type': 'desktop', 'discount_code': '', 'is_new_customer': 'false', 'is_online': 'false', 'order_id': 'e1adb233-3aa8-4d60-9684-1ddf52e9d656', 'payment_method': 'paypal', 'product_id': 'PY-STREAM-005', 'quantity': '5', 'referral_source': 'organic', 'region_id': 'US-MO', 'unit_price': '59.99', '_kafka_key': 'US-MO', '_kafka_partition': 0, '_kafka_offset': 13}
2026-06-11 18:01:17 | INFO | C04 | subtotal=299.95
2026-06-11 18:01:17 | INFO | C04 | tax=24.0
2026-06-11 18:01:17 | INFO | C04 | total=323.95
2026-06-11 18:01:17 | INFO | C04 | running_total=2504.29
2026-06-11 18:01:17 | INFO | C04 | MESSAGE ACCEPTED
2026-06-11 18:01:17 | INFO | C04 | order=e1adb233-3aa8-4d60-9684-1ddf52e9d656
2026-06-11 18:01:17 | INFO | C04 | total=$323.95
2026-06-11 18:01:17 | INFO | C04 | consumed=29
2026-06-11 18:01:17 | INFO | C04 | RUNNING STATS
2026-06-11 18:01:17 | INFO | C04 | total_sales=$2,504.29
2026-06-11 18:01:17 | INFO | C04 | average=$86.35
2026-06-11 18:01:17 | INFO | C04 | min=$32.39
2026-06-11 18:01:17 | INFO | C04 | max=$323.95
2026-06-11 18:01:18 | INFO | P03 | {
  order_id: 80e9a9ea-9add-4d51-981a-d26aaacd4dc9
  datetime: 2026-05-04T10:30:00Z
  region_id: US-MO
  currency_code: USD
  product_id: PY-DATA-002
  unit_price: 49.99
  quantity: 1
  is_online: true
  customer_id: CUST-8953
  is_new_customer: false
  device_type: desktop
  payment_method: credit_card
  referral_source: social
  discount_code: 
  customer_note: For my study group
}
2026-06-11 18:01:18 | INFO | P03 |   Sending message with key=US-MO
2026-06-11 18:01:18 | INFO | P03 |   MESSAGE SENT  sent=15
2026-06-11 18:01:18 | INFO | C04 | {'currency_code': 'USD', 'customer_id': 'CUST-8953', 'customer_note': 'For my study group', 'datetime': '2026-05-04T10:30:00Z', 'device_type': 'desktop', 'discount_code': '', 'is_new_customer': 'false', 'is_online': 'true', 'order_id': '80e9a9ea-9add-4d51-981a-d26aaacd4dc9', 'payment_method': 'credit_card', 'product_id': 'PY-DATA-002', 'quantity': '1', 'referral_source': 'social', 'region_id': 'US-MO', 'unit_price': '49.99', '_kafka_key': 'US-MO', '_kafka_partition': 0, '_kafka_offset': 14}
2026-06-11 18:01:18 | INFO | C04 | subtotal=49.99
2026-06-11 18:01:18 | INFO | C04 | tax=4.0
2026-06-11 18:01:18 | INFO | C04 | total=53.99
2026-06-11 18:01:18 | INFO | C04 | running_total=2558.28
2026-06-11 18:01:18 | INFO | C04 | MESSAGE ACCEPTED
2026-06-11 18:01:18 | INFO | C04 | order=80e9a9ea-9add-4d51-981a-d26aaacd4dc9
2026-06-11 18:01:18 | INFO | C04 | total=$53.99
2026-06-11 18:01:18 | INFO | C04 | consumed=30
2026-06-11 18:01:18 | INFO | C04 | RUNNING STATS
2026-06-11 18:01:18 | INFO | C04 | total_sales=$2,558.28
2026-06-11 18:01:18 | INFO | C04 | average=$85.28
2026-06-11 18:01:18 | INFO | C04 | min=$32.39
2026-06-11 18:01:18 | INFO | C04 | max=$323.95
2026-06-11 18:01:19 | INFO | P03 | Checking for rejected records...
2026-06-11 18:01:19 | INFO | P03 |   No records rejected.
2026-06-11 18:01:19 | INFO | P03 | ========================
2026-06-11 18:01:19 | INFO | P03 | SECTION E. Exit
2026-06-11 18:01:19 | INFO | P03 | ========================
2026-06-11 18:01:19 | INFO | P03 | Summary:
2026-06-11 18:01:19 | INFO | P03 | Sent 15 message(s) to topic 'streaming-04-visualization-kjleopold'.
2026-06-11 18:01:19 | INFO | P03 | Rejected 0 message(s).
2026-06-11 18:01:19 | INFO | P03 | ========================
2026-06-11 18:01:19 | INFO | P03 | Producer executed successfully!
2026-06-11 18:01:19 | INFO | P03 | ========================
2026-06-11 18:01:28 | INFO | C04 | No message received within 10.0s timeout.
2026-06-11 18:01:28 | INFO | C04 | Producer finished or paused. Stopping consumer.
2026-06-11 18:01:28 | INFO | C04 | Kafka consumer closed.
2026-06-11 18:01:28 | INFO | C04 | Saving artifacts...
2026-06-11 18:01:28 | INFO | C04 | WROTE OUTPUT_CHART = data\output\sales_chart_kjleopold.png
2026-06-11 18:01:28 | INFO | C04 | WROTE OUTPUT_CSV = data\output\consumed_sales_kjleopold.csv
2026-06-11 18:01:28 | INFO | C04 | Live chart closed.
2026-06-11 18:01:28 | INFO | C04 | ========================
2026-06-11 18:01:28 | INFO | C04 | SECTION E. Exit
2026-06-11 18:01:28 | INFO | C04 | ========================
2026-06-11 18:01:28 | INFO | C04 | Summary:
2026-06-11 18:01:28 | INFO | C04 | Consumed 30 message(s) from topic 'streaming-04-visualization-kjleopold'.
2026-06-11 18:01:28 | INFO | C04 | Skipped  0 message(s).
2026-06-11 18:01:28 | INFO | C04 | OUTPUT_CSV = data\output\consumed_sales_kjleopold.csv
2026-06-11 18:01:28 | INFO | C04 | OUTPUT_CHART = data\output\sales_chart_kjleopold.png
2026-06-11 18:01:28 | INFO | C04 |   Total sales:  $2,558.28
2026-06-11 18:01:28 | INFO | C04 |   Average sale: $85.28
2026-06-11 18:01:28 | INFO | C04 |   Minimum sale: $32.39
2026-06-11 18:01:28 | INFO | C04 |   Maximum sale: $323.95
2026-06-11 18:01:28 | INFO | C04 | ========================
2026-06-11 18:01:28 | INFO | C04 | Consumer executed successfully!
2026-06-11 18:01:28 | INFO | C04 | ========================
2026-06-11 18:24:04 | DEBUG | P03 | KAFKA_BOOTSTRAP_SERVERS           = localhost:9092
2026-06-11 18:24:04 | DEBUG | P03 | KAFKA_BROKER_ADDRESS_FAMILY       = v6
2026-06-11 18:24:04 | DEBUG | P03 | KAFKA_TOPIC                       = streaming-04-visualization-kjleopold
2026-06-11 18:24:04 | DEBUG | P03 | KAFKA_CLEAR_TOPIC_ON_START        = true
2026-06-11 18:24:04 | DEBUG | P03 | PRODUCER_MESSAGE_COUNT            = 15
2026-06-11 18:24:04 | DEBUG | P03 | PRODUCER_MESSAGE_INTERVAL_SECONDS = 1
2026-06-11 18:24:04 | DEBUG | P03 | PRODUCER_MAX_MESSAGES             = 200
2026-06-11 18:24:04 | DEBUG | P03 | PRODUCER_POLL_INTERVAL_SECONDS    = 15
2026-06-11 18:24:04 | DEBUG | P03 | KAFKA_GROUP_ID                    = streaming-consumer-group-A
2026-06-11 18:24:04 | DEBUG | P03 | KAFKA_AUTO_OFFSET_RESET           = earliest
2026-06-11 18:24:04 | DEBUG | P03 | CONSUMER_TIMEOUT_SECONDS          = 10
2026-06-11 18:24:04 | DEBUG | P03 | CONSUMER_MAX_MESSAGES             = 1000
2026-06-11 18:24:04 | INFO | P03 | === RUN START ===
2026-06-11 18:24:04 | INFO | P03 | project=P03
2026-06-11 18:24:04 | INFO | P03 | repo_dir=streaming-04-visualization
2026-06-11 18:24:04 | INFO | P03 | python=3.14.5
2026-06-11 18:24:05 | INFO | P03 | os=Windows 11
2026-06-11 18:24:05 | INFO | P03 | shell=powershell
2026-06-11 18:24:05 | INFO | P03 | cwd=.
2026-06-11 18:24:05 | INFO | P03 | github_actions=False
2026-06-11 18:24:05 | INFO | P03 | ========================
2026-06-11 18:24:05 | INFO | P03 | START producer main()
2026-06-11 18:24:05 | INFO | P03 | ========================
2026-06-11 18:24:05 | INFO | P03 | ROOT_DIR = .
2026-06-11 18:24:05 | INFO | P03 | DATA_DIR = data
2026-06-11 18:24:05 | INFO | P03 | SALES_CSV = data\sales.csv
2026-06-11 18:24:05 | INFO | P03 | REGIONS_CSV = data\regions.csv
2026-06-11 18:24:05 | INFO | P03 | PRODUCTS_CSV = data\products.csv
2026-06-11 18:24:05 | INFO | P03 | REJECTED_SALES_CSV = data\output\producer_rejected_sales.csv
2026-06-11 18:24:05 | INFO | P03 | ========================
2026-06-11 18:24:05 | INFO | P03 | SECTION A. Acquire
2026-06-11 18:24:05 | INFO | P03 | ========================
2026-06-11 18:24:05 | INFO | P03 | Loading settings from .env...
2026-06-11 18:24:05 | INFO | P03 | KAFKA_BOOTSTRAP_SERVERS           = localhost:9092
2026-06-11 18:24:05 | INFO | P03 | KAFKA_TOPIC                       = streaming-04-visualization-kjleopold
2026-06-11 18:24:05 | INFO | P03 | PRODUCER_MESSAGE_COUNT            = 15
2026-06-11 18:24:05 | INFO | P03 | PRODUCER_MESSAGE_INTERVAL_SECONDS = 1.0
2026-06-11 18:24:05 | INFO | P03 | KAFKA_CLEAR_TOPIC_ON_START        = True
2026-06-11 18:24:05 | INFO | P03 | Verifying Kafka connection...
2026-06-11 18:24:05 | INFO | P03 | Kafka port is reachable.
2026-06-11 18:24:07 | INFO | P03 | Loading validation reference data...
2026-06-11 18:24:07 | INFO | P03 | Found 6 valid regions, 6 valid products.
2026-06-11 18:24:07 | INFO | P03 | ========================
2026-06-11 18:24:07 | INFO | P03 | SECTION P. Produce Messages
2026-06-11 18:24:07 | INFO | P03 | ========================
2026-06-11 18:24:07 | INFO | P03 | Initializing output...
2026-06-11 18:24:07 | INFO | P03 | Output directory ready: output
2026-06-11 18:24:07 | INFO | P03 | Sending messages...
2026-06-11 18:24:07 | INFO | P03 | Sending up to 15 message(s) to topic 'streaming-04-visualization-kjleopold'.
2026-06-11 18:24:07 | INFO | P03 | Watch each sale arrive. Press CTRL+C to stop early.

2026-06-11 18:24:07 | INFO | P03 | {
  order_id: e7324981-a9f0-419f-b708-d0a333451fff
  datetime: 2026-05-04T08:11:00Z
  region_id: US-TX
  currency_code: USD
  product_id: PY-STREAM-005
  unit_price: 59.99
  quantity: 3
  is_online: true
  customer_id: CUST-4150
  is_new_customer: false
  device_type: tablet
  payment_method: paypal
  referral_source: paid_search
  discount_code: 
  customer_note: Gift for my team
}
2026-06-11 18:24:07 | INFO | P03 |   Sending message with key=US-TX
2026-06-11 18:24:07 | INFO | P03 |   MESSAGE SENT  sent=1
2026-06-11 18:24:07 | DEBUG | C04 | KAFKA_BOOTSTRAP_SERVERS           = localhost:9092
2026-06-11 18:24:07 | DEBUG | C04 | KAFKA_BROKER_ADDRESS_FAMILY       = v6
2026-06-11 18:24:07 | DEBUG | C04 | KAFKA_TOPIC                       = streaming-04-visualization-kjleopold
2026-06-11 18:24:07 | DEBUG | C04 | KAFKA_CLEAR_TOPIC_ON_START        = true
2026-06-11 18:24:07 | DEBUG | C04 | PRODUCER_MESSAGE_COUNT            = 15
2026-06-11 18:24:07 | DEBUG | C04 | PRODUCER_MESSAGE_INTERVAL_SECONDS = 1
2026-06-11 18:24:07 | DEBUG | C04 | PRODUCER_MAX_MESSAGES             = 200
2026-06-11 18:24:07 | DEBUG | C04 | PRODUCER_POLL_INTERVAL_SECONDS    = 15
2026-06-11 18:24:07 | DEBUG | C04 | KAFKA_GROUP_ID                    = streaming-consumer-group-A
2026-06-11 18:24:07 | DEBUG | C04 | KAFKA_AUTO_OFFSET_RESET           = earliest
2026-06-11 18:24:07 | DEBUG | C04 | CONSUMER_TIMEOUT_SECONDS          = 10
2026-06-11 18:24:07 | DEBUG | C04 | CONSUMER_MAX_MESSAGES             = 1000
2026-06-11 18:24:07 | INFO | C04 | === RUN START ===
2026-06-11 18:24:07 | INFO | C04 | project=C04
2026-06-11 18:24:07 | INFO | C04 | repo_dir=streaming-04-visualization
2026-06-11 18:24:07 | INFO | C04 | python=3.14.5
2026-06-11 18:24:07 | INFO | C04 | os=Windows 11
2026-06-11 18:24:07 | INFO | C04 | shell=powershell
2026-06-11 18:24:07 | INFO | C04 | cwd=.
2026-06-11 18:24:07 | INFO | C04 | github_actions=False
2026-06-11 18:24:07 | INFO | C04 | ========================
2026-06-11 18:24:07 | INFO | C04 | START consumer main()
2026-06-11 18:24:07 | INFO | C04 | ========================
2026-06-11 18:24:07 | INFO | C04 | ROOT_DIR = .
2026-06-11 18:24:07 | INFO | C04 | DATA_DIR = data
2026-06-11 18:24:07 | INFO | C04 | OUTPUT_CSV = data\output\consumed_sales_kjleopold.csv
2026-06-11 18:24:07 | INFO | C04 | OUTPUT_CHART = data\output\sales_chart_kjleopold.png
2026-06-11 18:24:07 | INFO | C04 | REGIONS_CSV = data\regions.csv
2026-06-11 18:24:07 | INFO | C04 | PRODUCTS_CSV = data\products.csv
2026-06-11 18:24:07 | INFO | C04 | CURRENCIES_CSV = data\currencies.csv
2026-06-11 18:24:07 | INFO | C04 | DISCOUNT_CODES_CSV = data\discount_codes.csv
2026-06-11 18:24:07 | INFO | C04 | ========================
2026-06-11 18:24:07 | INFO | C04 | SECTION A. Acquire
2026-06-11 18:24:07 | INFO | C04 | ========================
2026-06-11 18:24:07 | INFO | C04 | Loading settings from .env...
2026-06-11 18:24:07 | INFO | C04 | KAFKA_BOOTSTRAP_SERVERS  = localhost:9092
2026-06-11 18:24:07 | INFO | C04 | KAFKA_TOPIC              = streaming-04-visualization-kjleopold
2026-06-11 18:24:07 | INFO | C04 | KAFKA_GROUP_ID           = streaming-consumer-group-A
2026-06-11 18:24:07 | INFO | C04 | CONSUMER_TIMEOUT_SECONDS = 10.0
2026-06-11 18:24:07 | INFO | C04 | CONSUMER_MAX_MESSAGES    = 1000
2026-06-11 18:24:07 | INFO | C04 | Verifying Kafka connection...
2026-06-11 18:24:07 | INFO | C04 | Kafka port is reachable.
2026-06-11 18:24:07 | INFO | C04 | Verifying Kafka topic...
2026-06-11 18:24:07 | INFO | C04 | Topic 'streaming-04-visualization-kjleopold' exists.
2026-06-11 18:24:07 | INFO | C04 | Found 1 message(s) available.
2026-06-11 18:24:07 | INFO | C04 | Creating Kafka consumer...
2026-06-11 18:24:07 | INFO | C04 | Subscribed to topic: 'streaming-04-visualization-kjleopold' (reading from beginning)
2026-06-11 18:24:07 | INFO | C04 | ========================
2026-06-11 18:24:07 | INFO | C04 | SECTION C. Consume and Process Messages
2026-06-11 18:24:07 | INFO | C04 | ========================
2026-06-11 18:24:07 | INFO | C04 | Initializing output...
2026-06-11 18:24:07 | INFO | C04 | Output CSV cleared: consumed_sales_kjleopold.csv
2026-06-11 18:24:07 | INFO | C04 | Live chart initialized.
2026-06-11 18:24:07 | INFO | C04 | Loading enrichment reference data...
2026-06-11 18:24:07 | INFO | C04 | Found 6 region tax rates.
2026-06-11 18:24:07 | INFO | C04 | Consuming messages...
2026-06-11 18:24:07 | INFO | C04 | Waiting for up to 1000 message(s).
2026-06-11 18:24:07 | INFO | C04 | Press CTRL+C to stop early.

2026-06-11 18:24:08 | INFO | P03 | {
  order_id: d61943e0-f543-4b5f-9c9a-18605ea4cfe5
  datetime: 2026-05-04T08:23:00Z
  region_id: US-TX
  currency_code: USD
  product_id: PY-DATA-002
  unit_price: 49.99
  quantity: 1
  is_online: true
  customer_id: CUST-1106
  is_new_customer: false
  device_type: mobile
  payment_method: paypal
  referral_source: paid_search
  discount_code: 
  customer_note: Gift for my team
}
2026-06-11 18:24:08 | INFO | P03 |   Sending message with key=US-TX
2026-06-11 18:24:08 | INFO | P03 |   MESSAGE SENT  sent=2
2026-06-11 18:24:09 | INFO | P03 | {
  order_id: 14da1915-8e74-47be-9e10-f7275d31af46
  datetime: 2026-05-04T08:28:00Z
  region_id: CA-QC
  currency_code: CAD
  product_id: PY-NLP-006
  unit_price: 54.99
  quantity: 1
  is_online: true
  customer_id: CUST-2133
  is_new_customer: false
  device_type: desktop
  payment_method: paypal
  referral_source: organic
  discount_code: 
  customer_note: Learning at my own pace
}
2026-06-11 18:24:09 | INFO | P03 |   Sending message with key=CA-QC
2026-06-11 18:24:09 | INFO | P03 |   MESSAGE SENT  sent=3
2026-06-11 18:24:10 | INFO | P03 | {
  order_id: d77ed935-9b28-431d-bc25-0a3fd98f4154
  datetime: 2026-05-04T08:40:00Z
  region_id: US-CA
  currency_code: USD
  product_id: PY-STREAM-005
  unit_price: 59.99
  quantity: 1
  is_online: true
  customer_id: CUST-5333
  is_new_customer: false
  device_type: mobile
  payment_method: paypal
  referral_source: organic
  discount_code: 
  customer_note: Highly recommend
}
2026-06-11 18:24:10 | INFO | P03 |   Sending message with key=US-CA
2026-06-11 18:24:10 | INFO | P03 |   MESSAGE SENT  sent=4
2026-06-11 18:24:10 | INFO | C04 | {'currency_code': 'USD', 'customer_id': 'CUST-4150', 'customer_note': 'Gift for my team', 'datetime': '2026-05-04T08:11:00Z', 'device_type': 'tablet', 'discount_code': '', 'is_new_customer': 'false', 'is_online': 'true', 'order_id': 'e7324981-a9f0-419f-b708-d0a333451fff', 'payment_method': 'paypal', 'product_id': 'PY-STREAM-005', 'quantity': '3', 'referral_source': 'paid_search', 'region_id': 'US-TX', 'unit_price': '59.99', '_kafka_key': 'US-TX', '_kafka_partition': 0, '_kafka_offset': 0}
2026-06-11 18:24:10 | INFO | C04 | subtotal=179.97
2026-06-11 18:24:10 | INFO | C04 | tax=14.85
2026-06-11 18:24:10 | INFO | C04 | total=194.82
2026-06-11 18:24:10 | INFO | C04 | running_total=194.82
2026-06-11 18:24:10 | INFO | C04 | MESSAGE ACCEPTED
2026-06-11 18:24:10 | INFO | C04 | order=e7324981-a9f0-419f-b708-d0a333451fff
2026-06-11 18:24:10 | INFO | C04 | total=$194.82
2026-06-11 18:24:10 | INFO | C04 | consumed=1
2026-06-11 18:24:10 | INFO | C04 | RUNNING STATS
2026-06-11 18:24:10 | INFO | C04 | total_sales=$194.82
2026-06-11 18:24:10 | INFO | C04 | average=$194.82
2026-06-11 18:24:10 | INFO | C04 | min=$194.82
2026-06-11 18:24:10 | INFO | C04 | max=$194.82
2026-06-11 18:24:10 | INFO | C04 | {'currency_code': 'USD', 'customer_id': 'CUST-1106', 'customer_note': 'Gift for my team', 'datetime': '2026-05-04T08:23:00Z', 'device_type': 'mobile', 'discount_code': '', 'is_new_customer': 'false', 'is_online': 'true', 'order_id': 'd61943e0-f543-4b5f-9c9a-18605ea4cfe5', 'payment_method': 'paypal', 'product_id': 'PY-DATA-002', 'quantity': '1', 'referral_source': 'paid_search', 'region_id': 'US-TX', 'unit_price': '49.99', '_kafka_key': 'US-TX', '_kafka_partition': 0, '_kafka_offset': 1}
2026-06-11 18:24:10 | INFO | C04 | subtotal=49.99
2026-06-11 18:24:10 | INFO | C04 | tax=4.12
2026-06-11 18:24:10 | INFO | C04 | total=54.11
2026-06-11 18:24:10 | INFO | C04 | running_total=248.93
2026-06-11 18:24:11 | INFO | C04 | MESSAGE ACCEPTED
2026-06-11 18:24:11 | INFO | C04 | order=d61943e0-f543-4b5f-9c9a-18605ea4cfe5
2026-06-11 18:24:11 | INFO | C04 | total=$54.11
2026-06-11 18:24:11 | INFO | C04 | consumed=2
2026-06-11 18:24:11 | INFO | C04 | RUNNING STATS
2026-06-11 18:24:11 | INFO | C04 | total_sales=$248.93
2026-06-11 18:24:11 | INFO | C04 | average=$124.47
2026-06-11 18:24:11 | INFO | C04 | min=$54.11
2026-06-11 18:24:11 | INFO | C04 | max=$194.82
2026-06-11 18:24:11 | INFO | C04 | {'currency_code': 'CAD', 'customer_id': 'CUST-2133', 'customer_note': 'Learning at my own pace', 'datetime': '2026-05-04T08:28:00Z', 'device_type': 'desktop', 'discount_code': '', 'is_new_customer': 'false', 'is_online': 'true', 'order_id': '14da1915-8e74-47be-9e10-f7275d31af46', 'payment_method': 'paypal', 'product_id': 'PY-NLP-006', 'quantity': '1', 'referral_source': 'organic', 'region_id': 'CA-QC', 'unit_price': '54.99', '_kafka_key': 'CA-QC', '_kafka_partition': 0, '_kafka_offset': 2}
2026-06-11 18:24:11 | INFO | C04 | subtotal=54.99
2026-06-11 18:24:11 | INFO | C04 | tax=8.23
2026-06-11 18:24:11 | INFO | C04 | total=63.22
2026-06-11 18:24:11 | INFO | C04 | running_total=312.15
2026-06-11 18:24:11 | INFO | C04 | MESSAGE ACCEPTED
2026-06-11 18:24:11 | INFO | C04 | order=14da1915-8e74-47be-9e10-f7275d31af46
2026-06-11 18:24:11 | INFO | C04 | total=$63.22
2026-06-11 18:24:11 | INFO | C04 | consumed=3
2026-06-11 18:24:11 | INFO | C04 | RUNNING STATS
2026-06-11 18:24:11 | INFO | C04 | total_sales=$312.15
2026-06-11 18:24:11 | INFO | C04 | average=$104.05
2026-06-11 18:24:11 | INFO | C04 | min=$54.11
2026-06-11 18:24:11 | INFO | C04 | max=$194.82
2026-06-11 18:24:11 | INFO | C04 | {'currency_code': 'USD', 'customer_id': 'CUST-5333', 'customer_note': 'Highly recommend', 'datetime': '2026-05-04T08:40:00Z', 'device_type': 'mobile', 'discount_code': '', 'is_new_customer': 'false', 'is_online': 'true', 'order_id': 'd77ed935-9b28-431d-bc25-0a3fd98f4154', 'payment_method': 'paypal', 'product_id': 'PY-STREAM-005', 'quantity': '1', 'referral_source': 'organic', 'region_id': 'US-CA', 'unit_price': '59.99', '_kafka_key': 'US-CA', '_kafka_partition': 0, '_kafka_offset': 3}
2026-06-11 18:24:11 | INFO | C04 | subtotal=59.99
2026-06-11 18:24:11 | INFO | C04 | tax=5.7
2026-06-11 18:24:11 | INFO | C04 | total=65.69
2026-06-11 18:24:11 | INFO | C04 | running_total=377.84
2026-06-11 18:24:11 | INFO | C04 | MESSAGE ACCEPTED
2026-06-11 18:24:11 | INFO | C04 | order=d77ed935-9b28-431d-bc25-0a3fd98f4154
2026-06-11 18:24:11 | INFO | C04 | total=$65.69
2026-06-11 18:24:11 | INFO | C04 | consumed=4
2026-06-11 18:24:11 | INFO | C04 | RUNNING STATS
2026-06-11 18:24:11 | INFO | C04 | total_sales=$377.84
2026-06-11 18:24:11 | INFO | C04 | average=$94.46
2026-06-11 18:24:11 | INFO | C04 | min=$54.11
2026-06-11 18:24:11 | INFO | C04 | max=$194.82
2026-06-11 18:24:11 | INFO | P03 | {
  order_id: 24b91995-25f8-4ad7-8fa6-2e4c15750e5e
  datetime: 2026-05-04T08:41:00Z
  region_id: US-MO
  currency_code: USD
  product_id: PY-VIZ-003
  unit_price: 39.99
  quantity: 1
  is_online: true
  customer_id: CUST-8573
  is_new_customer: false
  device_type: mobile
  payment_method: apple_pay
  referral_source: paid_search
  discount_code: 
  customer_note: Learning at my own pace
}
2026-06-11 18:24:11 | INFO | P03 |   Sending message with key=US-MO
2026-06-11 18:24:11 | INFO | P03 |   MESSAGE SENT  sent=5
2026-06-11 18:24:11 | INFO | C04 | {'currency_code': 'USD', 'customer_id': 'CUST-8573', 'customer_note': 'Learning at my own pace', 'datetime': '2026-05-04T08:41:00Z', 'device_type': 'mobile', 'discount_code': '', 'is_new_customer': 'false', 'is_online': 'true', 'order_id': '24b91995-25f8-4ad7-8fa6-2e4c15750e5e', 'payment_method': 'apple_pay', 'product_id': 'PY-VIZ-003', 'quantity': '1', 'referral_source': 'paid_search', 'region_id': 'US-MO', 'unit_price': '39.99', '_kafka_key': 'US-MO', '_kafka_partition': 0, '_kafka_offset': 4}
2026-06-11 18:24:11 | INFO | C04 | subtotal=39.99
2026-06-11 18:24:11 | INFO | C04 | tax=3.2
2026-06-11 18:24:11 | INFO | C04 | total=43.19
2026-06-11 18:24:11 | INFO | C04 | running_total=421.03
2026-06-11 18:24:11 | INFO | C04 | MESSAGE ACCEPTED
2026-06-11 18:24:11 | INFO | C04 | order=24b91995-25f8-4ad7-8fa6-2e4c15750e5e
2026-06-11 18:24:11 | INFO | C04 | total=$43.19
2026-06-11 18:24:11 | INFO | C04 | consumed=5
2026-06-11 18:24:11 | INFO | C04 | RUNNING STATS
2026-06-11 18:24:11 | INFO | C04 | total_sales=$421.03
2026-06-11 18:24:11 | INFO | C04 | average=$84.21
2026-06-11 18:24:11 | INFO | C04 | min=$43.19
2026-06-11 18:24:11 | INFO | C04 | max=$194.82
2026-06-11 18:24:12 | INFO | P03 | {
  order_id: 1ec0fc8b-998c-4f43-8a66-19e1fa7d5fa8
  datetime: 2026-05-04T08:54:00Z
  region_id: CA-ON
  currency_code: CAD
  product_id: PY-SQL-004
  unit_price: 44.99
  quantity: 1
  is_online: true
  customer_id: CUST-8062
  is_new_customer: false
  device_type: tablet
  payment_method: paypal
  referral_source: organic
  discount_code: 
  customer_note: 
}
2026-06-11 18:24:12 | INFO | P03 |   Sending message with key=CA-ON
2026-06-11 18:24:12 | INFO | P03 |   MESSAGE SENT  sent=6
2026-06-11 18:24:12 | INFO | C04 | {'currency_code': 'CAD', 'customer_id': 'CUST-8062', 'customer_note': '', 'datetime': '2026-05-04T08:54:00Z', 'device_type': 'tablet', 'discount_code': '', 'is_new_customer': 'false', 'is_online': 'true', 'order_id': '1ec0fc8b-998c-4f43-8a66-19e1fa7d5fa8', 'payment_method': 'paypal', 'product_id': 'PY-SQL-004', 'quantity': '1', 'referral_source': 'organic', 'region_id': 'CA-ON', 'unit_price': '44.99', '_kafka_key': 'CA-ON', '_kafka_partition': 0, '_kafka_offset': 5}
2026-06-11 18:24:12 | INFO | C04 | subtotal=44.99
2026-06-11 18:24:12 | INFO | C04 | tax=5.85
2026-06-11 18:24:12 | INFO | C04 | total=50.84
2026-06-11 18:24:12 | INFO | C04 | running_total=471.87
2026-06-11 18:24:12 | INFO | C04 | MESSAGE ACCEPTED
2026-06-11 18:24:12 | INFO | C04 | order=1ec0fc8b-998c-4f43-8a66-19e1fa7d5fa8
2026-06-11 18:24:12 | INFO | C04 | total=$50.84
2026-06-11 18:24:12 | INFO | C04 | consumed=6
2026-06-11 18:24:12 | INFO | C04 | RUNNING STATS
2026-06-11 18:24:12 | INFO | C04 | total_sales=$471.87
2026-06-11 18:24:12 | INFO | C04 | average=$78.64
2026-06-11 18:24:12 | INFO | C04 | min=$43.19
2026-06-11 18:24:12 | INFO | C04 | max=$194.82
2026-06-11 18:24:13 | INFO | P03 | {
  order_id: 392dd49b-b385-499c-9b4a-a38387fa39ae
  datetime: 2026-05-04T09:07:00Z
  region_id: CA-ON
  currency_code: CAD
  product_id: PY-INTRO-001
  unit_price: 29.99
  quantity: 1
  is_online: false
  customer_id: CUST-9348
  is_new_customer: false
  device_type: desktop
  payment_method: credit_card
  referral_source: paid_search
  discount_code: 
  customer_note: For my study group
}
2026-06-11 18:24:13 | INFO | P03 |   Sending message with key=CA-ON
2026-06-11 18:24:13 | INFO | P03 |   MESSAGE SENT  sent=7
2026-06-11 18:24:13 | INFO | C04 | {'currency_code': 'CAD', 'customer_id': 'CUST-9348', 'customer_note': 'For my study group', 'datetime': '2026-05-04T09:07:00Z', 'device_type': 'desktop', 'discount_code': '', 'is_new_customer': 'false', 'is_online': 'false', 'order_id': '392dd49b-b385-499c-9b4a-a38387fa39ae', 'payment_method': 'credit_card', 'product_id': 'PY-INTRO-001', 'quantity': '1', 'referral_source': 'paid_search', 'region_id': 'CA-ON', 'unit_price': '29.99', '_kafka_key': 'CA-ON', '_kafka_partition': 0, '_kafka_offset': 6}
2026-06-11 18:24:13 | INFO | C04 | subtotal=29.99
2026-06-11 18:24:13 | INFO | C04 | tax=3.9
2026-06-11 18:24:13 | INFO | C04 | total=33.89
2026-06-11 18:24:13 | INFO | C04 | running_total=505.76
2026-06-11 18:24:13 | INFO | C04 | MESSAGE ACCEPTED
2026-06-11 18:24:13 | INFO | C04 | order=392dd49b-b385-499c-9b4a-a38387fa39ae
2026-06-11 18:24:13 | INFO | C04 | total=$33.89
2026-06-11 18:24:13 | INFO | C04 | consumed=7
2026-06-11 18:24:13 | INFO | C04 | RUNNING STATS
2026-06-11 18:24:13 | INFO | C04 | total_sales=$505.76
2026-06-11 18:24:13 | INFO | C04 | average=$72.25
2026-06-11 18:24:13 | INFO | C04 | min=$33.89
2026-06-11 18:24:13 | INFO | C04 | max=$194.82
2026-06-11 18:24:14 | INFO | P03 | {
  order_id: 02782ab7-dd7d-4ebe-8abc-ef81cdc4193b
  datetime: 2026-05-04T09:15:00Z
  region_id: US-CA
  currency_code: USD
  product_id: PY-VIZ-003
  unit_price: 39.99
  quantity: 1
  is_online: true
  customer_id: CUST-5889
  is_new_customer: false
  device_type: tablet
  payment_method: paypal
  referral_source: organic
  discount_code: 
  customer_note: 
}
2026-06-11 18:24:14 | INFO | P03 |   Sending message with key=US-CA
2026-06-11 18:24:14 | INFO | P03 |   MESSAGE SENT  sent=8
2026-06-11 18:24:14 | INFO | C04 | {'currency_code': 'USD', 'customer_id': 'CUST-5889', 'customer_note': '', 'datetime': '2026-05-04T09:15:00Z', 'device_type': 'tablet', 'discount_code': '', 'is_new_customer': 'false', 'is_online': 'true', 'order_id': '02782ab7-dd7d-4ebe-8abc-ef81cdc4193b', 'payment_method': 'paypal', 'product_id': 'PY-VIZ-003', 'quantity': '1', 'referral_source': 'organic', 'region_id': 'US-CA', 'unit_price': '39.99', '_kafka_key': 'US-CA', '_kafka_partition': 0, '_kafka_offset': 7}
2026-06-11 18:24:14 | INFO | C04 | subtotal=39.99
2026-06-11 18:24:14 | INFO | C04 | tax=3.8
2026-06-11 18:24:14 | INFO | C04 | total=43.79
2026-06-11 18:24:14 | INFO | C04 | running_total=549.55
2026-06-11 18:24:14 | INFO | C04 | MESSAGE ACCEPTED
2026-06-11 18:24:14 | INFO | C04 | order=02782ab7-dd7d-4ebe-8abc-ef81cdc4193b
2026-06-11 18:24:14 | INFO | C04 | total=$43.79
2026-06-11 18:24:14 | INFO | C04 | consumed=8
2026-06-11 18:24:14 | INFO | C04 | RUNNING STATS
2026-06-11 18:24:14 | INFO | C04 | total_sales=$549.55
2026-06-11 18:24:14 | INFO | C04 | average=$68.69
2026-06-11 18:24:14 | INFO | C04 | min=$33.89
2026-06-11 18:24:14 | INFO | C04 | max=$194.82
2026-06-11 18:24:15 | INFO | P03 | {
  order_id: 67bd3492-cc96-429a-9a91-1b4d2132d261
  datetime: 2026-05-04T09:19:00Z
  region_id: CA-ON
  currency_code: CAD
  product_id: PY-VIZ-003
  unit_price: 39.99
  quantity: 1
  is_online: true
  customer_id: CUST-4770
  is_new_customer: false
  device_type: desktop
  payment_method: credit_card
  referral_source: paid_search
  discount_code: 
  customer_note: Excellent content
}
2026-06-11 18:24:15 | INFO | P03 |   Sending message with key=CA-ON
2026-06-11 18:24:15 | INFO | P03 |   MESSAGE SENT  sent=9
2026-06-11 18:24:15 | INFO | C04 | {'currency_code': 'CAD', 'customer_id': 'CUST-4770', 'customer_note': 'Excellent content', 'datetime': '2026-05-04T09:19:00Z', 'device_type': 'desktop', 'discount_code': '', 'is_new_customer': 'false', 'is_online': 'true', 'order_id': '67bd3492-cc96-429a-9a91-1b4d2132d261', 'payment_method': 'credit_card', 'product_id': 'PY-VIZ-003', 'quantity': '1', 'referral_source': 'paid_search', 'region_id': 'CA-ON', 'unit_price': '39.99', '_kafka_key': 'CA-ON', '_kafka_partition': 0, '_kafka_offset': 8}
2026-06-11 18:24:15 | INFO | C04 | subtotal=39.99
2026-06-11 18:24:15 | INFO | C04 | tax=5.2
2026-06-11 18:24:15 | INFO | C04 | total=45.19
2026-06-11 18:24:15 | INFO | C04 | running_total=594.74
2026-06-11 18:24:15 | INFO | C04 | MESSAGE ACCEPTED
2026-06-11 18:24:15 | INFO | C04 | order=67bd3492-cc96-429a-9a91-1b4d2132d261
2026-06-11 18:24:15 | INFO | C04 | total=$45.19
2026-06-11 18:24:15 | INFO | C04 | consumed=9
2026-06-11 18:24:15 | INFO | C04 | RUNNING STATS
2026-06-11 18:24:15 | INFO | C04 | total_sales=$594.74
2026-06-11 18:24:15 | INFO | C04 | average=$66.08
2026-06-11 18:24:15 | INFO | C04 | min=$33.89
2026-06-11 18:24:15 | INFO | C04 | max=$194.82
2026-06-11 18:24:16 | INFO | P03 | {
  order_id: 0a021628-6937-4876-8875-b00c07a39e0f
  datetime: 2026-05-04T09:37:00Z
  region_id: MX-CMX
  currency_code: MXN
  product_id: PY-DATA-002
  unit_price: 49.99
  quantity: 1
  is_online: true
  customer_id: CUST-6168
  is_new_customer: false
  device_type: desktop
  payment_method: paypal
  referral_source: organic
  discount_code: 
  customer_note: 
}
2026-06-11 18:24:16 | INFO | P03 |   Sending message with key=MX-CMX
2026-06-11 18:24:16 | INFO | P03 |   MESSAGE SENT  sent=10
2026-06-11 18:24:16 | INFO | C04 | {'currency_code': 'MXN', 'customer_id': 'CUST-6168', 'customer_note': '', 'datetime': '2026-05-04T09:37:00Z', 'device_type': 'desktop', 'discount_code': '', 'is_new_customer': 'false', 'is_online': 'true', 'order_id': '0a021628-6937-4876-8875-b00c07a39e0f', 'payment_method': 'paypal', 'product_id': 'PY-DATA-002', 'quantity': '1', 'referral_source': 'organic', 'region_id': 'MX-CMX', 'unit_price': '49.99', '_kafka_key': 'MX-CMX', '_kafka_partition': 0, '_kafka_offset': 9}
2026-06-11 18:24:16 | INFO | C04 | subtotal=49.99
2026-06-11 18:24:16 | INFO | C04 | tax=8.0
2026-06-11 18:24:16 | INFO | C04 | total=57.99
2026-06-11 18:24:16 | INFO | C04 | running_total=652.73
2026-06-11 18:24:16 | INFO | C04 | MESSAGE ACCEPTED
2026-06-11 18:24:16 | INFO | C04 | order=0a021628-6937-4876-8875-b00c07a39e0f
2026-06-11 18:24:16 | INFO | C04 | total=$57.99
2026-06-11 18:24:16 | INFO | C04 | consumed=10
2026-06-11 18:24:16 | INFO | C04 | RUNNING STATS
2026-06-11 18:24:16 | INFO | C04 | total_sales=$652.73
2026-06-11 18:24:16 | INFO | C04 | average=$65.27
2026-06-11 18:24:16 | INFO | C04 | min=$33.89
2026-06-11 18:24:16 | INFO | C04 | max=$194.82
2026-06-11 18:24:17 | INFO | P03 | {
  order_id: b05fc600-a5fc-4826-934c-cc1f188b0715
  datetime: 2026-05-04T09:42:00Z
  region_id: US-MO
  currency_code: USD
  product_id: PY-DATA-002
  unit_price: 49.99
  quantity: 3
  is_online: true
  customer_id: CUST-3340
  is_new_customer: false
  device_type: tablet
  payment_method: credit_card
  referral_source: organic
  discount_code: 
  customer_note: Recommended by a colleague
}
2026-06-11 18:24:17 | INFO | P03 |   Sending message with key=US-MO
2026-06-11 18:24:17 | INFO | P03 |   MESSAGE SENT  sent=11
2026-06-11 18:24:17 | INFO | C04 | {'currency_code': 'USD', 'customer_id': 'CUST-3340', 'customer_note': 'Recommended by a colleague', 'datetime': '2026-05-04T09:42:00Z', 'device_type': 'tablet', 'discount_code': '', 'is_new_customer': 'false', 'is_online': 'true', 'order_id': 'b05fc600-a5fc-4826-934c-cc1f188b0715', 'payment_method': 'credit_card', 'product_id': 'PY-DATA-002', 'quantity': '3', 'referral_source': 'organic', 'region_id': 'US-MO', 'unit_price': '49.99', '_kafka_key': 'US-MO', '_kafka_partition': 0, '_kafka_offset': 10}
2026-06-11 18:24:17 | INFO | C04 | subtotal=149.97
2026-06-11 18:24:17 | INFO | C04 | tax=12.0
2026-06-11 18:24:17 | INFO | C04 | total=161.97
2026-06-11 18:24:17 | INFO | C04 | running_total=814.70
2026-06-11 18:24:17 | INFO | C04 | HIGH VALUE SALE
2026-06-11 18:24:17 | INFO | C04 | MESSAGE ACCEPTED
2026-06-11 18:24:17 | INFO | C04 | order=b05fc600-a5fc-4826-934c-cc1f188b0715
2026-06-11 18:24:17 | INFO | C04 | total=$161.97
2026-06-11 18:24:17 | INFO | C04 | consumed=11
2026-06-11 18:24:17 | INFO | C04 | RUNNING STATS
2026-06-11 18:24:17 | INFO | C04 | total_sales=$814.70
2026-06-11 18:24:17 | INFO | C04 | average=$74.06
2026-06-11 18:24:17 | INFO | C04 | min=$33.89
2026-06-11 18:24:17 | INFO | C04 | max=$194.82
2026-06-11 18:24:18 | INFO | P03 | {
  order_id: 03d437fb-6966-47ad-a67a-728630c8b3f8
  datetime: 2026-05-04T10:06:00Z
  region_id: US-MO
  currency_code: USD
  product_id: PY-INTRO-001
  unit_price: 29.99
  quantity: 1
  is_online: true
  customer_id: CUST-8668
  is_new_customer: false
  device_type: mobile
  payment_method: apple_pay
  referral_source: email
  discount_code: 
  customer_note: 
}
2026-06-11 18:24:18 | INFO | P03 |   Sending message with key=US-MO
2026-06-11 18:24:18 | INFO | P03 |   MESSAGE SENT  sent=12
2026-06-11 18:24:18 | INFO | C04 | {'currency_code': 'USD', 'customer_id': 'CUST-8668', 'customer_note': '', 'datetime': '2026-05-04T10:06:00Z', 'device_type': 'mobile', 'discount_code': '', 'is_new_customer': 'false', 'is_online': 'true', 'order_id': '03d437fb-6966-47ad-a67a-728630c8b3f8', 'payment_method': 'apple_pay', 'product_id': 'PY-INTRO-001', 'quantity': '1', 'referral_source': 'email', 'region_id': 'US-MO', 'unit_price': '29.99', '_kafka_key': 'US-MO', '_kafka_partition': 0, '_kafka_offset': 11}
2026-06-11 18:24:18 | INFO | C04 | subtotal=29.99
2026-06-11 18:24:18 | INFO | C04 | tax=2.4
2026-06-11 18:24:18 | INFO | C04 | total=32.39
2026-06-11 18:24:18 | INFO | C04 | running_total=847.09
2026-06-11 18:24:18 | INFO | C04 | MESSAGE ACCEPTED
2026-06-11 18:24:18 | INFO | C04 | order=03d437fb-6966-47ad-a67a-728630c8b3f8
2026-06-11 18:24:18 | INFO | C04 | total=$32.39
2026-06-11 18:24:18 | INFO | C04 | consumed=12
2026-06-11 18:24:18 | INFO | C04 | RUNNING STATS
2026-06-11 18:24:18 | INFO | C04 | total_sales=$847.09
2026-06-11 18:24:18 | INFO | C04 | average=$70.59
2026-06-11 18:24:18 | INFO | C04 | min=$32.39
2026-06-11 18:24:18 | INFO | C04 | max=$194.82
2026-06-11 18:24:19 | INFO | P03 | {
  order_id: 6914aea4-448f-4dc1-b68f-0fe4a2c06188
  datetime: 2026-05-04T10:15:00Z
  region_id: US-TX
  currency_code: USD
  product_id: PY-DATA-002
  unit_price: 49.99
  quantity: 1
  is_online: true
  customer_id: CUST-2827
  is_new_customer: false
  device_type: tablet
  payment_method: credit_card
  referral_source: organic
  discount_code: 
  customer_note: Learning at my own pace
}
2026-06-11 18:24:19 | INFO | P03 |   Sending message with key=US-TX
2026-06-11 18:24:19 | INFO | P03 |   MESSAGE SENT  sent=13
2026-06-11 18:24:19 | INFO | C04 | {'currency_code': 'USD', 'customer_id': 'CUST-2827', 'customer_note': 'Learning at my own pace', 'datetime': '2026-05-04T10:15:00Z', 'device_type': 'tablet', 'discount_code': '', 'is_new_customer': 'false', 'is_online': 'true', 'order_id': '6914aea4-448f-4dc1-b68f-0fe4a2c06188', 'payment_method': 'credit_card', 'product_id': 'PY-DATA-002', 'quantity': '1', 'referral_source': 'organic', 'region_id': 'US-TX', 'unit_price': '49.99', '_kafka_key': 'US-TX', '_kafka_partition': 0, '_kafka_offset': 12}
2026-06-11 18:24:19 | INFO | C04 | subtotal=49.99
2026-06-11 18:24:19 | INFO | C04 | tax=4.12
2026-06-11 18:24:19 | INFO | C04 | total=54.11
2026-06-11 18:24:19 | INFO | C04 | running_total=901.20
2026-06-11 18:24:19 | INFO | C04 | MESSAGE ACCEPTED
2026-06-11 18:24:19 | INFO | C04 | order=6914aea4-448f-4dc1-b68f-0fe4a2c06188
2026-06-11 18:24:19 | INFO | C04 | total=$54.11
2026-06-11 18:24:19 | INFO | C04 | consumed=13
2026-06-11 18:24:19 | INFO | C04 | RUNNING STATS
2026-06-11 18:24:19 | INFO | C04 | total_sales=$901.20
2026-06-11 18:24:19 | INFO | C04 | average=$69.32
2026-06-11 18:24:19 | INFO | C04 | min=$32.39
2026-06-11 18:24:19 | INFO | C04 | max=$194.82
2026-06-11 18:24:20 | INFO | P03 | {
  order_id: e1adb233-3aa8-4d60-9684-1ddf52e9d656
  datetime: 2026-05-04T10:16:00Z
  region_id: US-MO
  currency_code: USD
  product_id: PY-STREAM-005
  unit_price: 59.99
  quantity: 5
  is_online: false
  customer_id: CUST-4295
  is_new_customer: false
  device_type: desktop
  payment_method: paypal
  referral_source: organic
  discount_code: 
  customer_note: For my study group
}
2026-06-11 18:24:20 | INFO | P03 |   Sending message with key=US-MO
2026-06-11 18:24:20 | INFO | P03 |   MESSAGE SENT  sent=14
2026-06-11 18:24:20 | INFO | C04 | {'currency_code': 'USD', 'customer_id': 'CUST-4295', 'customer_note': 'For my study group', 'datetime': '2026-05-04T10:16:00Z', 'device_type': 'desktop', 'discount_code': '', 'is_new_customer': 'false', 'is_online': 'false', 'order_id': 'e1adb233-3aa8-4d60-9684-1ddf52e9d656', 'payment_method': 'paypal', 'product_id': 'PY-STREAM-005', 'quantity': '5', 'referral_source': 'organic', 'region_id': 'US-MO', 'unit_price': '59.99', '_kafka_key': 'US-MO', '_kafka_partition': 0, '_kafka_offset': 13}
2026-06-11 18:24:20 | INFO | C04 | subtotal=299.95
2026-06-11 18:24:20 | INFO | C04 | tax=24.0
2026-06-11 18:24:20 | INFO | C04 | total=323.95
2026-06-11 18:24:20 | INFO | C04 | running_total=1225.15
2026-06-11 18:24:20 | INFO | C04 | HIGH VALUE SALE
2026-06-11 18:24:20 | INFO | C04 | MESSAGE ACCEPTED
2026-06-11 18:24:20 | INFO | C04 | order=e1adb233-3aa8-4d60-9684-1ddf52e9d656
2026-06-11 18:24:20 | INFO | C04 | total=$323.95
2026-06-11 18:24:20 | INFO | C04 | consumed=14
2026-06-11 18:24:20 | INFO | C04 | RUNNING STATS
2026-06-11 18:24:20 | INFO | C04 | total_sales=$1,225.15
2026-06-11 18:24:20 | INFO | C04 | average=$87.51
2026-06-11 18:24:20 | INFO | C04 | min=$32.39
2026-06-11 18:24:20 | INFO | C04 | max=$323.95
2026-06-11 18:24:21 | INFO | P03 | {
  order_id: 80e9a9ea-9add-4d51-981a-d26aaacd4dc9
  datetime: 2026-05-04T10:30:00Z
  region_id: US-MO
  currency_code: USD
  product_id: PY-DATA-002
  unit_price: 49.99
  quantity: 1
  is_online: true
  customer_id: CUST-8953
  is_new_customer: false
  device_type: desktop
  payment_method: credit_card
  referral_source: social
  discount_code: 
  customer_note: For my study group
}
2026-06-11 18:24:21 | INFO | P03 |   Sending message with key=US-MO
2026-06-11 18:24:21 | INFO | P03 |   MESSAGE SENT  sent=15
2026-06-11 18:24:21 | INFO | C04 | {'currency_code': 'USD', 'customer_id': 'CUST-8953', 'customer_note': 'For my study group', 'datetime': '2026-05-04T10:30:00Z', 'device_type': 'desktop', 'discount_code': '', 'is_new_customer': 'false', 'is_online': 'true', 'order_id': '80e9a9ea-9add-4d51-981a-d26aaacd4dc9', 'payment_method': 'credit_card', 'product_id': 'PY-DATA-002', 'quantity': '1', 'referral_source': 'social', 'region_id': 'US-MO', 'unit_price': '49.99', '_kafka_key': 'US-MO', '_kafka_partition': 0, '_kafka_offset': 14}
2026-06-11 18:24:21 | INFO | C04 | subtotal=49.99
2026-06-11 18:24:21 | INFO | C04 | tax=4.0
2026-06-11 18:24:21 | INFO | C04 | total=53.99
2026-06-11 18:24:21 | INFO | C04 | running_total=1279.14
2026-06-11 18:24:22 | INFO | C04 | MESSAGE ACCEPTED
2026-06-11 18:24:22 | INFO | C04 | order=80e9a9ea-9add-4d51-981a-d26aaacd4dc9
2026-06-11 18:24:22 | INFO | C04 | total=$53.99
2026-06-11 18:24:22 | INFO | C04 | consumed=15
2026-06-11 18:24:22 | INFO | C04 | RUNNING STATS
2026-06-11 18:24:22 | INFO | C04 | total_sales=$1,279.14
2026-06-11 18:24:22 | INFO | C04 | average=$85.28
2026-06-11 18:24:22 | INFO | C04 | min=$32.39
2026-06-11 18:24:22 | INFO | C04 | max=$323.95
2026-06-11 18:24:22 | INFO | P03 | Checking for rejected records...
2026-06-11 18:24:22 | INFO | P03 |   No records rejected.
2026-06-11 18:24:22 | INFO | P03 | ========================
2026-06-11 18:24:22 | INFO | P03 | SECTION E. Exit
2026-06-11 18:24:22 | INFO | P03 | ========================
2026-06-11 18:24:22 | INFO | P03 | Summary:
2026-06-11 18:24:22 | INFO | P03 | Sent 15 message(s) to topic 'streaming-04-visualization-kjleopold'.
2026-06-11 18:24:22 | INFO | P03 | Rejected 0 message(s).
2026-06-11 18:24:22 | INFO | P03 | ========================
2026-06-11 18:24:22 | INFO | P03 | Producer executed successfully!
2026-06-11 18:24:22 | INFO | P03 | ========================
2026-06-11 18:24:32 | INFO | C04 | No message received within 10.0s timeout.
2026-06-11 18:24:32 | INFO | C04 | Producer finished or paused. Stopping consumer.
2026-06-11 18:24:32 | INFO | C04 | Kafka consumer closed.
2026-06-11 18:24:32 | INFO | C04 | Saving artifacts...
2026-06-11 18:24:32 | INFO | C04 | WROTE OUTPUT_CHART = data\output\sales_chart_kjleopold.png
2026-06-11 18:24:32 | INFO | C04 | WROTE OUTPUT_CSV = data\output\consumed_sales_kjleopold.csv
2026-06-11 18:24:32 | INFO | C04 | Live chart closed.
2026-06-11 18:24:32 | INFO | C04 | ========================
2026-06-11 18:24:32 | INFO | C04 | SECTION E. Exit
2026-06-11 18:24:32 | INFO | C04 | ========================
2026-06-11 18:24:32 | INFO | C04 | Summary:
2026-06-11 18:24:32 | INFO | C04 | Consumed 15 message(s) from topic 'streaming-04-visualization-kjleopold'.
2026-06-11 18:24:32 | INFO | C04 | Skipped  0 message(s).
2026-06-11 18:24:32 | INFO | C04 | OUTPUT_CSV = data\output\consumed_sales_kjleopold.csv
2026-06-11 18:24:32 | INFO | C04 | OUTPUT_CHART = data\output\sales_chart_kjleopold.png
2026-06-11 18:24:32 | INFO | C04 |   Total sales:  $1,279.14
2026-06-11 18:24:32 | INFO | C04 |   Average sale: $85.28
2026-06-11 18:24:32 | INFO | C04 |   Minimum sale: $32.39
2026-06-11 18:24:32 | INFO | C04 |   Maximum sale: $323.95
2026-06-11 18:24:32 | INFO | C04 | ========================
2026-06-11 18:24:32 | INFO | C04 | Consumer executed successfully!
2026-06-11 18:24:32 | INFO | C04 | ========================
